tournament,eid,year,round,player_a,player_a_pid,player_b,player_b_pid,score_a,score_b,winner,winner_pid,loser,loser_pid
World Championship,244,1994,Last 24 Group 3rd,Dennis Priestley,8,Graeme Stoddart,1450,3,0,Dennis Priestley,8,Graeme Stoddart,1450
World Championship,244,1994,Last 24 Group 3rd,Graeme Stoddart,1450,Jocky Wilson,1794,3,1,Graeme Stoddart,1450,Jocky Wilson,1794
World Championship,244,1994,Last 24 Group 3rd,Dennis Priestley,8,Jocky Wilson,1794,3,2,Dennis Priestley,8,Jocky Wilson,1794
World Championship,244,1994,Last 24 Group 3rd,Larry Butler,1896,John Lowe,1433,3,2,Larry Butler,1896,John Lowe,1433
World Championship,244,1994,Last 24 Group 3rd,Tom Kirby,1394,Larry Butler,1896,3,1,Tom Kirby,1394,Larry Butler,1896
World Championship,244,1994,Last 24 Group 3rd,John Lowe,1433,Tom Kirby,1394,3,2,John Lowe,1433,Tom Kirby,1394
World Championship,244,1994,Last 24 Group 3rd,Rod Harrington,1502,Sean Downs,1340,3,2,Rod Harrington,1502,Sean Downs,1340
World Championship,244,1994,Last 24 Group 3rd,Eric Bristow,1541,Sean Downs,1340,3,2,Eric Bristow,1541,Sean Downs,1340
World Championship,244,1994,Last 24 Group 3rd,Rod Harrington,1502,Eric Bristow,1541,3,1,Rod Harrington,1502,Eric Bristow,1541
World Championship,244,1994,Last 24 Group 3rd,Peter Evison,1447,Kevin Burrows,1994,3,0,Peter Evison,1447,Kevin Burrows,1994
World Championship,244,1994,Last 24 Group 3rd,Jerry Umberger,1813,Kevin Burrows,1994,3,0,Jerry Umberger,1813,Kevin Burrows,1994
World Championship,244,1994,Last 24 Group 3rd,Peter Evison,1447,Jerry Umberger,1813,3,0,Peter Evison,1447,Jerry Umberger,1813
World Championship,244,1994,Last 24 Group 3rd,Alan Warriner-Little,26,Cliff Lazarenko,1439,3,1,Alan Warriner-Little,26,Cliff Lazarenko,1439
World Championship,244,1994,Last 24 Group 3rd,Ritchie Gardner,488,Cliff Lazarenko,1439,3,1,Ritchie Gardner,488,Cliff Lazarenko,1439
World Championship,244,1994,Last 24 Group 3rd,Alan Warriner-Little,26,Ritchie Gardner,488,3,1,Alan Warriner-Little,26,Ritchie Gardner,488
World Championship,244,1994,Last 24 Group 3rd,Steve Brown (US),1548,Kevin Spiolek,1400,3,0,Steve Brown (US),1548,Kevin Spiolek,1400
World Championship,244,1994,Last 24 Group 3rd,Steve Brown (US),1548,Keith Deller,1379,3,1,Steve Brown (US),1548,Keith Deller,1379
World Championship,244,1994,Last 24 Group 3rd,Kevin Spiolek,1400,Keith Deller,1379,3,1,Kevin Spiolek,1400,Keith Deller,1379
World Championship,244,1994,Last 24 Group 3rd,Phil Taylor,1,Jim Watkins,1993,3,0,Phil Taylor,1,Jim Watkins,1993
World Championship,244,1994,Last 24 Group 3rd,Jim Watkins,1993,Jamie Harvey,49,3,2,Jim Watkins,1993,Jamie Harvey,49
World Championship,244,1994,Last 24 Group 3rd,Phil Taylor,1,Jamie Harvey,49,3,1,Phil Taylor,1,Jamie Harvey,49
World Championship,244,1994,Last 24 Group 3rd,Bob Anderson,28,Dave Kelly (US),1759,3,0,Bob Anderson,28,Dave Kelly (US),1759
World Championship,244,1994,Last 24 Group 3rd,Gerald Verrier,1992,Dave Kelly (US),1759,3,0,Gerald Verrier,1992,Dave Kelly (US),1759
World Championship,244,1994,Last 24 Group 3rd,Bob Anderson,28,Gerald Verrier,1992,3,0,Bob Anderson,28,Gerald Verrier,1992
World Championship,244,1994,3rd Place Match,Steve Brown (US),1548,Peter Evison,1447,5,1,Steve Brown (US),1548,Peter Evison,1447
World Championship,244,1994,Quarter Final,Dennis Priestley,8,Tom Kirby,1394,4,2,Dennis Priestley,8,Tom Kirby,1394
World Championship,244,1994,Quarter Final,Peter Evison,1447,Rod Harrington,1502,4,1,Peter Evison,1447,Rod Harrington,1502
World Championship,244,1994,Quarter Final,Steve Brown (US),1548,Alan Warriner-Little,26,4,3,Steve Brown (US),1548,Alan Warriner-Little,26
World Championship,244,1994,Quarter Final,Phil Taylor,1,Bob Anderson,28,4,2,Phil Taylor,1,Bob Anderson,28
World Championship,244,1994,Semi Final,Dennis Priestley,8,Peter Evison,1447,5,3,Dennis Priestley,8,Peter Evison,1447
World Championship,244,1994,Semi Final,Phil Taylor,1,Steve Brown (US),1548,5,0,Phil Taylor,1,Steve Brown (US),1548
World Championship,244,1994,Final,Dennis Priestley,8,Phil Taylor,1,6,1,Dennis Priestley,8,Phil Taylor,1
World Championship,243,1995,Last 24 Group 3rd,Rod Harrington,1502,Shayne Burgess,1455,3,2,Rod Harrington,1502,Shayne Burgess,1455
World Championship,243,1995,Last 24 Group 3rd,Eric Bristow,1541,Shayne Burgess,1455,3,0,Eric Bristow,1541,Shayne Burgess,1455
World Championship,243,1995,Last 24 Group 3rd,Rod Harrington,1502,Eric Bristow,1541,3,0,Rod Harrington,1502,Eric Bristow,1541
World Championship,243,1995,Last 24 Group 3rd,Jamie Harvey,49,Jim Watkins,1993,3,2,Jamie Harvey,49,Jim Watkins,1993
World Championship,243,1995,Last 24 Group 3rd,Steve Brown (US),1548,Jim Watkins,1993,3,0,Steve Brown (US),1548,Jim Watkins,1993
World Championship,243,1995,Last 24 Group 3rd,Jamie Harvey,49,Steve Brown (US),1548,3,1,Jamie Harvey,49,Steve Brown (US),1548
World Championship,243,1995,Last 24 Group 3rd,Peter Evison,1447,Cliff Lazarenko,1439,3,0,Peter Evison,1447,Cliff Lazarenko,1439
World Championship,243,1995,Last 24 Group 3rd,Cliff Lazarenko,1439,Graeme Stoddart,1450,3,2,Cliff Lazarenko,1439,Graeme Stoddart,1450
World Championship,243,1995,Last 24 Group 3rd,Peter Evison,1447,Graeme Stoddart,1450,3,2,Peter Evison,1447,Graeme Stoddart,1450
World Championship,243,1995,Last 24 Group 3rd,Kevin Spiolek,1400,Larry Butler,1896,3,0,Kevin Spiolek,1400,Larry Butler,1896
World Championship,243,1995,Last 24 Group 3rd,Larry Butler,1896,Keith Deller,1379,3,2,Larry Butler,1896,Keith Deller,1379
World Championship,243,1995,Last 24 Group 3rd,Kevin Spiolek,1400,Keith Deller,1379,3,1,Kevin Spiolek,1400,Keith Deller,1379
World Championship,243,1995,Last 24 Group 3rd,Dennis Smith,31,Tom Kirby,1394,3,1,Dennis Smith,31,Tom Kirby,1394
World Championship,243,1995,Last 24 Group 3rd,Alan Warriner-Little,26,Tom Kirby,1394,3,2,Alan Warriner-Little,26,Tom Kirby,1394
World Championship,243,1995,Last 24 Group 3rd,Dennis Smith,31,Alan Warriner-Little,26,3,1,Dennis Smith,31,Alan Warriner-Little,26
World Championship,243,1995,Last 24 Group 3rd,John Lowe,1433,Jocky Wilson,1794,3,0,John Lowe,1433,Jocky Wilson,1794
World Championship,243,1995,Last 24 Group 3rd,Dennis Priestley,8,Jocky Wilson,1794,3,2,Dennis Priestley,8,Jocky Wilson,1794
World Championship,243,1995,Last 24 Group 3rd,John Lowe,1433,Dennis Priestley,8,3,0,John Lowe,1433,Dennis Priestley,8
World Championship,243,1995,Last 24 Group 3rd,Phil Taylor,1,Sean Downs,1340,3,1,Phil Taylor,1,Sean Downs,1340
World Championship,243,1995,Last 24 Group 3rd,Sean Downs,1340,Gerald Verrier,1992,3,0,Sean Downs,1340,Gerald Verrier,1992
World Championship,243,1995,Last 24 Group 3rd,Phil Taylor,1,Gerald Verrier,1992,3,2,Phil Taylor,1,Gerald Verrier,1992
World Championship,243,1995,Last 24 Group 3rd,Bob Anderson,28,Ritchie Gardner,488,3,1,Bob Anderson,28,Ritchie Gardner,488
World Championship,243,1995,Last 24 Group 3rd,Ritchie Gardner,488,Jerry Umberger,1813,3,1,Ritchie Gardner,488,Jerry Umberger,1813
World Championship,243,1995,Last 24 Group 3rd,Bob Anderson,28,Jerry Umberger,1813,3,1,Bob Anderson,28,Jerry Umberger,1813
World Championship,243,1995,3rd Place Match,John Lowe,1433,Peter Evison,1447,4,2,John Lowe,1433,Peter Evison,1447
World Championship,243,1995,Quarter Final,Rod Harrington,1502,Jamie Harvey,49,4,2,Rod Harrington,1502,Jamie Harvey,49
World Championship,243,1995,Quarter Final,Peter Evison,1447,Kevin Spiolek,1400,4,1,Peter Evison,1447,Kevin Spiolek,1400
World Championship,243,1995,Quarter Final,John Lowe,1433,Dennis Smith,31,4,0,John Lowe,1433,Dennis Smith,31
World Championship,243,1995,Quarter Final,Phil Taylor,1,Bob Anderson,28,4,1,Phil Taylor,1,Bob Anderson,28
World Championship,243,1995,Semi Final,Rod Harrington,1502,Peter Evison,1447,5,1,Rod Harrington,1502,Peter Evison,1447
World Championship,243,1995,Semi Final,Phil Taylor,1,John Lowe,1433,5,4,Phil Taylor,1,John Lowe,1433
World Championship,243,1995,Final,Phil Taylor,1,Rod Harrington,1502,6,2,Phil Taylor,1,Rod Harrington,1502
World Championship,242,1996,Last 24 Group 3rd,Phil Taylor,1,Cliff Lazarenko,1439,3,0,Phil Taylor,1,Cliff Lazarenko,1439
World Championship,242,1996,Last 24 Group 3rd,Shayne Burgess,1455,Cliff Lazarenko,1439,3,1,Shayne Burgess,1455,Cliff Lazarenko,1439
World Championship,242,1996,Last 24 Group 3rd,Phil Taylor,1,Shayne Burgess,1455,3,0,Phil Taylor,1,Shayne Burgess,1455
World Championship,242,1996,Last 24 Group 3rd,Keith Deller,1379,Sean Downs,1340,3,1,Keith Deller,1379,Sean Downs,1340
World Championship,242,1996,Last 24 Group 3rd,Keith Deller,1379,Kevin Spiolek,1400,3,2,Keith Deller,1379,Kevin Spiolek,1400
World Championship,242,1996,Last 24 Group 3rd,Sean Downs,1340,Kevin Spiolek,1400,3,0,Sean Downs,1340,Kevin Spiolek,1400
World Championship,242,1996,Last 24 Group 3rd,John Lowe,1433,Tom Kirby,1394,3,2,John Lowe,1433,Tom Kirby,1394
World Championship,242,1996,Last 24 Group 3rd,Tom Kirby,1394,Dennis Smith,31,3,1,Tom Kirby,1394,Dennis Smith,31
World Championship,242,1996,Last 24 Group 3rd,John Lowe,1433,Dennis Smith,31,3,0,John Lowe,1433,Dennis Smith,31
World Championship,242,1996,Last 24 Group 3rd,Peter Evison,1447,Steve Raw,1995,3,2,Peter Evison,1447,Steve Raw,1995
World Championship,242,1996,Last 24 Group 3rd,Steve Raw,1995,Gary Mawson,1584,3,0,Steve Raw,1995,Gary Mawson,1584
World Championship,242,1996,Last 24 Group 3rd,Peter Evison,1447,Gary Mawson,1584,3,0,Peter Evison,1447,Gary Mawson,1584
World Championship,242,1996,Last 24 Group 3rd,Alan Warriner-Little,26,Steve Brown (US),1548,3,0,Alan Warriner-Little,26,Steve Brown (US),1548
World Championship,242,1996,Last 24 Group 3rd,Steve Brown (US),1548,Graeme Stoddart,1450,3,2,Steve Brown (US),1548,Graeme Stoddart,1450
World Championship,242,1996,Last 24 Group 3rd,Alan Warriner-Little,26,Graeme Stoddart,1450,3,2,Alan Warriner-Little,26,Graeme Stoddart,1450
World Championship,242,1996,Last 24 Group 3rd,Dennis Priestley,8,Ritchie Gardner,488,3,0,Dennis Priestley,8,Ritchie Gardner,488
World Championship,242,1996,Last 24 Group 3rd,Eric Bristow,1541,Ritchie Gardner,488,3,2,Eric Bristow,1541,Ritchie Gardner,488
World Championship,242,1996,Last 24 Group 3rd,Dennis Priestley,8,Eric Bristow,1541,3,0,Dennis Priestley,8,Eric Bristow,1541
World Championship,242,1996,Last 24 Group 3rd,Larry Butler,1896,Rod Harrington,1502,3,2,Larry Butler,1896,Rod Harrington,1502
World Championship,242,1996,Last 24 Group 3rd,Rod Harrington,1502,Nigel Justice,1997,3,0,Rod Harrington,1502,Nigel Justice,1997
World Championship,242,1996,Last 24 Group 3rd,Larry Butler,1896,Nigel Justice,1997,3,2,Larry Butler,1896,Nigel Justice,1997
World Championship,242,1996,Last 24 Group 3rd,Jamie Harvey,49,Bob Anderson,28,3,2,Jamie Harvey,49,Bob Anderson,28
World Championship,242,1996,Last 24 Group 3rd,Jamie Harvey,49,Gerald Verrier,1992,3,2,Jamie Harvey,49,Gerald Verrier,1992
World Championship,242,1996,Last 24 Group 3rd,Bob Anderson,28,Gerald Verrier,1992,3,1,Bob Anderson,28,Gerald Verrier,1992
World Championship,242,1996,Quarter Final,Phil Taylor,1,Keith Deller,1379,4,0,Phil Taylor,1,Keith Deller,1379
World Championship,242,1996,Quarter Final,John Lowe,1433,Peter Evison,1447,4,2,John Lowe,1433,Peter Evison,1447
World Championship,242,1996,Quarter Final,Dennis Priestley,8,Alan Warriner-Little,26,4,1,Dennis Priestley,8,Alan Warriner-Little,26
World Championship,242,1996,Quarter Final,Jamie Harvey,49,Larry Butler,1896,4,0,Jamie Harvey,49,Larry Butler,1896
World Championship,242,1996,Semi Final,Phil Taylor,1,John Lowe,1433,5,1,Phil Taylor,1,John Lowe,1433
World Championship,242,1996,Semi Final,Dennis Priestley,8,Jamie Harvey,49,5,1,Dennis Priestley,8,Jamie Harvey,49
World Championship,242,1996,Final,Phil Taylor,1,Dennis Priestley,8,6,4,Phil Taylor,1,Dennis Priestley,8
World Championship,241,1997,Last 24 Group 3rd,Dennis Priestley,8,Ritchie Gardner,488,3,1,Dennis Priestley,8,Ritchie Gardner,488
World Championship,241,1997,Last 24 Group 3rd,Steve Brown (US),1548,Ritchie Gardner,488,3,2,Steve Brown (US),1548,Ritchie Gardner,488
World Championship,241,1997,Last 24 Group 3rd,Dennis Priestley,8,Steve Brown (US),1548,3,0,Dennis Priestley,8,Steve Brown (US),1548
World Championship,241,1997,Last 24 Group 3rd,Sean Downs,1340,Shayne Burgess,1455,3,1,Sean Downs,1340,Shayne Burgess,1455
World Championship,241,1997,Last 24 Group 3rd,Rod Harrington,1502,Sean Downs,1340,3,1,Rod Harrington,1502,Sean Downs,1340
World Championship,241,1997,Last 24 Group 3rd,Shayne Burgess,1455,Rod Harrington,1502,3,2,Shayne Burgess,1455,Rod Harrington,1502
World Championship,241,1997,Last 24 Group 3rd,Jamie Harvey,49,Paul Lim,1566,3,2,Jamie Harvey,49,Paul Lim,1566
World Championship,241,1997,Last 24 Group 3rd,John Lowe,1433,Paul Lim,1566,3,1,John Lowe,1433,Paul Lim,1566
World Championship,241,1997,Last 24 Group 3rd,Jamie Harvey,49,John Lowe,1433,3,2,Jamie Harvey,49,John Lowe,1433
World Championship,241,1997,Last 24 Group 3rd,Peter Evison,1447,Steve Raw,1995,3,1,Peter Evison,1447,Steve Raw,1995
World Championship,241,1997,Last 24 Group 3rd,Steve Raw,1995,Cliff Lazarenko,1439,3,1,Steve Raw,1995,Cliff Lazarenko,1439
World Championship,241,1997,Last 24 Group 3rd,Peter Evison,1447,Cliff Lazarenko,1439,3,0,Peter Evison,1447,Cliff Lazarenko,1439
World Championship,241,1997,Last 24 Group 3rd,Phil Taylor,1,Chris Mason,17,3,0,Phil Taylor,1,Chris Mason,17
World Championship,241,1997,Last 24 Group 3rd,Gerald Verrier,1992,Chris Mason,17,3,1,Gerald Verrier,1992,Chris Mason,17
World Championship,241,1997,Last 24 Group 3rd,Phil Taylor,1,Gerald Verrier,1992,3,0,Phil Taylor,1,Gerald Verrier,1992
World Championship,241,1997,Last 24 Group 3rd,Keith Deller,1379,Kevin Spiolek,1400,3,0,Keith Deller,1379,Kevin Spiolek,1400
World Championship,241,1997,Last 24 Group 3rd,Dennis Smith,31,Kevin Spiolek,1400,3,0,Dennis Smith,31,Kevin Spiolek,1400
World Championship,241,1997,Last 24 Group 3rd,Keith Deller,1379,Dennis Smith,31,3,2,Keith Deller,1379,Dennis Smith,31
World Championship,241,1997,Last 24 Group 3rd,Alan Warriner-Little,26,Larry Butler,1896,3,1,Alan Warriner-Little,26,Larry Butler,1896
World Championship,241,1997,Last 24 Group 3rd,Graeme Stoddart,1450,Larry Butler,1896,3,1,Graeme Stoddart,1450,Larry Butler,1896
World Championship,241,1997,Last 24 Group 3rd,Alan Warriner-Little,26,Graeme Stoddart,1450,3,1,Alan Warriner-Little,26,Graeme Stoddart,1450
World Championship,241,1997,Last 24 Group 3rd,Gary Mawson,1584,Eric Bristow,1541,3,1,Gary Mawson,1584,Eric Bristow,1541
World Championship,241,1997,Last 24 Group 3rd,Bob Anderson,28,Gary Mawson,1584,3,1,Bob Anderson,28,Gary Mawson,1584
World Championship,241,1997,Last 24 Group 3rd,Eric Bristow,1541,Bob Anderson,28,3,1,Eric Bristow,1541,Bob Anderson,28
World Championship,241,1997,3rd Place Match,Peter Evison,1447,Eric Bristow,1541,4,2,Peter Evison,1447,Eric Bristow,1541
World Championship,241,1997,Quarter Final,Dennis Priestley,8,Rod Harrington,1502,5,2,Dennis Priestley,8,Rod Harrington,1502
World Championship,241,1997,Quarter Final,Peter Evison,1447,Jamie Harvey,49,5,3,Peter Evison,1447,Jamie Harvey,49
World Championship,241,1997,Quarter Final,Phil Taylor,1,Keith Deller,1379,5,1,Phil Taylor,1,Keith Deller,1379
World Championship,241,1997,Quarter Final,Eric Bristow,1541,Alan Warriner-Little,26,5,3,Eric Bristow,1541,Alan Warriner-Little,26
World Championship,241,1997,Semi Final,Dennis Priestley,8,Peter Evison,1447,5,4,Dennis Priestley,8,Peter Evison,1447
World Championship,241,1997,Semi Final,Phil Taylor,1,Eric Bristow,1541,5,4,Phil Taylor,1,Eric Bristow,1541
World Championship,241,1997,Final,Phil Taylor,1,Dennis Priestley,8,6,3,Phil Taylor,1,Dennis Priestley,8
World Championship,240,1998,3rd Place Match,Rod Harrington,1502,Keith Deller,1379,4,1,Rod Harrington,1502,Keith Deller,1379
World Championship,240,1998,Last 24 Group,Harry Robinson,2002,Alan Warriner-Little,26,3,0,Harry Robinson,2002,Alan Warriner-Little,26
World Championship,240,1998,Last 24 Group,Steve Brown (US),1548,Harry Robinson,2002,3,2,Steve Brown (US),1548,Harry Robinson,2002
World Championship,240,1998,Last 24 Group,Alan Warriner-Little,26,Steve Brown (US),1548,3,1,Alan Warriner-Little,26,Steve Brown (US),1548
World Championship,240,1998,Last 24 Group,Mick Manning,1409,Keith Deller,1379,3,2,Mick Manning,1409,Keith Deller,1379
World Championship,240,1998,Last 24 Group,Graeme Stoddart,1450,Mick Manning,1409,3,0,Graeme Stoddart,1450,Mick Manning,1409
World Championship,240,1998,Last 24 Group,Keith Deller,1379,Graeme Stoddart,1450,3,1,Keith Deller,1379,Graeme Stoddart,1450
World Championship,240,1998,Last 24 Group,Peter Manley,4,Gary Mawson,1584,3,0,Peter Manley,4,Gary Mawson,1584
World Championship,240,1998,Last 24 Group,Gary Mawson,1584,John Lowe,1433,3,0,Gary Mawson,1584,John Lowe,1433
World Championship,240,1998,Last 24 Group,Peter Manley,4,John Lowe,1433,3,0,Peter Manley,4,John Lowe,1433
World Championship,240,1998,Last 24 Group,Dennis Priestley,8,Steve Raw,1995,3,0,Dennis Priestley,8,Steve Raw,1995
World Championship,240,1998,Last 24 Group,Steve Raw,1995,Eric Bristow,1541,3,0,Steve Raw,1995,Eric Bristow,1541
World Championship,240,1998,Last 24 Group,Dennis Priestley,8,Eric Bristow,1541,3,0,Dennis Priestley,8,Eric Bristow,1541
World Championship,240,1998,Last 24 Group,Peter Evison,1447,John Part,10,3,2,Peter Evison,1447,John Part,10
World Championship,240,1998,Last 24 Group,John Part,10,Paul Lim,1566,3,1,John Part,10,Paul Lim,1566
World Championship,240,1998,Last 24 Group,Peter Evison,1447,Paul Lim,1566,3,0,Peter Evison,1447,Paul Lim,1566
World Championship,240,1998,Last 24 Group,Rod Harrington,1502,Jamie Harvey,49,3,2,Rod Harrington,1502,Jamie Harvey,49
World Championship,240,1998,Last 24 Group,Rod Harrington,1502,John Ferrell,1567,3,0,Rod Harrington,1502,John Ferrell,1567
World Championship,240,1998,Last 24 Group,Jamie Harvey,49,John Ferrell,1567,3,0,Jamie Harvey,49,John Ferrell,1567
World Championship,240,1998,Last 24 Group,Bob Anderson,28,Gerald Verrier,1992,3,1,Bob Anderson,28,Gerald Verrier,1992
World Championship,240,1998,Last 24 Group,Shayne Burgess,1455,Gerald Verrier,1992,3,0,Shayne Burgess,1455,Gerald Verrier,1992
World Championship,240,1998,Last 24 Group,Shayne Burgess,1455,Bob Anderson,28,3,0,Shayne Burgess,1455,Bob Anderson,28
World Championship,240,1998,Last 24 Group,Phil Taylor,1,Dennis Smith,31,3,0,Phil Taylor,1,Dennis Smith,31
World Championship,240,1998,Last 24 Group,Dennis Smith,31,Kevin Spiolek,1400,3,1,Dennis Smith,31,Kevin Spiolek,1400
World Championship,240,1998,Last 24 Group,Phil Taylor,1,Kevin Spiolek,1400,3,0,Phil Taylor,1,Kevin Spiolek,1400
World Championship,240,1998,Quarter Final,Keith Deller,1379,Harry Robinson,2002,4,1,Keith Deller,1379,Harry Robinson,2002
World Championship,240,1998,Quarter Final,Dennis Priestley,8,Peter Manley,4,4,3,Dennis Priestley,8,Peter Manley,4
World Championship,240,1998,Quarter Final,Rod Harrington,1502,Peter Evison,1447,4,0,Rod Harrington,1502,Peter Evison,1447
World Championship,240,1998,Quarter Final,Phil Taylor,1,Shayne Burgess,1455,4,0,Phil Taylor,1,Shayne Burgess,1455
World Championship,240,1998,Semi Final,Dennis Priestley,8,Keith Deller,1379,5,1,Dennis Priestley,8,Keith Deller,1379
World Championship,240,1998,Semi Final,Phil Taylor,1,Rod Harrington,1502,5,2,Phil Taylor,1,Rod Harrington,1502
World Championship,240,1998,Final,Phil Taylor,1,Dennis Priestley,8,6,0,Phil Taylor,1,Dennis Priestley,8
World Championship,239,1999,Last 32,Alan Warriner-Little,26,John Part,10,3,0,Alan Warriner-Little,26,John Part,10
World Championship,239,1999,Last 32,Harry Robinson,2002,Sean Downs,1340,3,2,Harry Robinson,2002,Sean Downs,1340
World Championship,239,1999,Last 32,Gary Mawson,1584,Ritchie Gardner,488,3,0,Gary Mawson,1584,Ritchie Gardner,488
World Championship,239,1999,Last 32,John Ferrell,1567,Dennis Priestley,8,3,0,John Ferrell,1567,Dennis Priestley,8
World Championship,239,1999,Last 32,Jamie Harvey,49,Gerald Verrier,1992,3,1,Jamie Harvey,49,Gerald Verrier,1992
World Championship,239,1999,Last 32,Bob Anderson,28,Keith Deller,1379,3,2,Bob Anderson,28,Keith Deller,1379
World Championship,239,1999,Last 32,John Lowe,1433,Paul Lim,1566,3,0,John Lowe,1433,Paul Lim,1566
World Championship,239,1999,Last 32,Phil Taylor,1,Reg Harding,1555,3,0,Phil Taylor,1,Reg Harding,1555
World Championship,239,1999,Last 32,Peter Manley,4,Eric Bristow,1541,3,0,Peter Manley,4,Eric Bristow,1541
World Championship,239,1999,Last 32,Graeme Stoddart,1450,Steve Raw,1995,3,1,Graeme Stoddart,1450,Steve Raw,1995
World Championship,239,1999,Last 32,Mick Manning,1409,Dan Lauby Snr,1742,3,1,Mick Manning,1409,Dan Lauby Snr,1742
World Championship,239,1999,Last 32,Dennis Smith,31,Peter Evison,1447,3,0,Dennis Smith,31,Peter Evison,1447
World Championship,239,1999,Last 32,Steve Brown (US),1548,Kevin Spiolek,1400,3,0,Steve Brown (US),1548,Kevin Spiolek,1400
World Championship,239,1999,Last 32,Cliff Lazarenko,1439,Dean Allsop,1753,3,0,Cliff Lazarenko,1439,Dean Allsop,1753
World Championship,239,1999,Last 32,Shayne Burgess,1455,Steve Cummings,2004,3,0,Shayne Burgess,1455,Steve Cummings,2004
World Championship,239,1999,Last 32,Rod Harrington,1502,Alex Roy,22,3,0,Rod Harrington,1502,Alex Roy,22
World Championship,239,1999,Last 16,Alan Warriner-Little,26,Harry Robinson,2002,3,2,Alan Warriner-Little,26,Harry Robinson,2002
World Championship,239,1999,Last 16,John Ferrell,1567,Gary Mawson,1584,3,2,John Ferrell,1567,Gary Mawson,1584
World Championship,239,1999,Last 16,Bob Anderson,28,Jamie Harvey,49,3,1,Bob Anderson,28,Jamie Harvey,49
World Championship,239,1999,Last 16,Phil Taylor,1,John Lowe,1433,3,1,Phil Taylor,1,John Lowe,1433
World Championship,239,1999,Last 16,Peter Manley,4,Graeme Stoddart,1450,3,0,Peter Manley,4,Graeme Stoddart,1450
World Championship,239,1999,Last 16,Dennis Smith,31,Mick Manning,1409,3,1,Dennis Smith,31,Mick Manning,1409
World Championship,239,1999,Last 16,Cliff Lazarenko,1439,Steve Brown (US),1548,3,0,Cliff Lazarenko,1439,Steve Brown (US),1548
World Championship,239,1999,Last 16,Shayne Burgess,1455,Rod Harrington,1502,3,1,Shayne Burgess,1455,Rod Harrington,1502
World Championship,239,1999,Quarter Final,Alan Warriner-Little,26,John Ferrell,1567,4,1,Alan Warriner-Little,26,John Ferrell,1567
World Championship,239,1999,Quarter Final,Phil Taylor,1,Bob Anderson,28,4,0,Phil Taylor,1,Bob Anderson,28
World Championship,239,1999,Quarter Final,Peter Manley,4,Dennis Smith,31,4,0,Peter Manley,4,Dennis Smith,31
World Championship,239,1999,Quarter Final,Shayne Burgess,1455,Cliff Lazarenko,1439,4,1,Shayne Burgess,1455,Cliff Lazarenko,1439
World Championship,239,1999,Semi Final,Phil Taylor,1,Alan Warriner-Little,26,5,3,Phil Taylor,1,Alan Warriner-Little,26
World Championship,239,1999,Semi Final,Peter Manley,4,Shayne Burgess,1455,5,4,Peter Manley,4,Shayne Burgess,1455
World Championship,239,1999,Final,Phil Taylor,1,Peter Manley,4,6,2,Phil Taylor,1,Peter Manley,4
World Championship,238,2000,Last 32,Phil Taylor,1,Mick Manning,1409,3,0,Phil Taylor,1,Mick Manning,1409
World Championship,238,2000,Last 32,Graeme Stoddart,1450,Dan Lauby Snr,1742,3,2,Graeme Stoddart,1450,Dan Lauby Snr,1742
World Championship,238,2000,Last 32,Alex Roy,22,Reg Harding,1555,3,0,Alex Roy,22,Reg Harding,1555
World Championship,238,2000,Last 32,Alan Warriner-Little,26,Paul Lim,1566,3,0,Alan Warriner-Little,26,Paul Lim,1566
World Championship,238,2000,Last 32,John Part,10,John Ferrell,1567,3,0,John Part,10,John Ferrell,1567
World Championship,238,2000,Last 32,Dennis Smith,31,Cliff Lazarenko,1439,3,1,Dennis Smith,31,Cliff Lazarenko,1439
World Championship,238,2000,Last 32,Keith Deller,1379,Gary Mawson,1584,3,0,Keith Deller,1379,Gary Mawson,1584
World Championship,238,2000,Last 32,John Lowe,1433,Rod Harrington,1502,3,2,John Lowe,1433,Rod Harrington,1502
World Championship,238,2000,Last 32,Shayne Burgess,1455,Colin Lloyd,3,3,0,Shayne Burgess,1455,Colin Lloyd,3
World Championship,238,2000,Last 32,Nigel Justice,1997,Dean Allsop,1753,3,0,Nigel Justice,1997,Dean Allsop,1753
World Championship,238,2000,Last 32,Jamie Harvey,49,Kevin Spiolek,1400,3,2,Jamie Harvey,49,Kevin Spiolek,1400
World Championship,238,2000,Last 32,Dennis Priestley,8,Braulio Roncero,1496,3,2,Dennis Priestley,8,Braulio Roncero,1496
World Championship,238,2000,Last 32,Peter Evison,1447,Gerald Verrier,1992,3,0,Peter Evison,1447,Gerald Verrier,1992
World Championship,238,2000,Last 32,Steve Raw,1995,Steve Cummings,2004,3,2,Steve Raw,1995,Steve Cummings,2004
World Championship,238,2000,Last 32,Steve Brown (US),1548,Eric Bristow,1541,3,2,Steve Brown (US),1548,Eric Bristow,1541
World Championship,238,2000,Last 32,Peter Manley,4,Bob Anderson,28,3,0,Peter Manley,4,Bob Anderson,28
World Championship,238,2000,Last 16,Phil Taylor,1,Graeme Stoddart,1450,3,0,Phil Taylor,1,Graeme Stoddart,1450
World Championship,238,2000,Last 16,Alan Warriner-Little,26,Alex Roy,22,3,0,Alan Warriner-Little,26,Alex Roy,22
World Championship,238,2000,Last 16,Dennis Smith,31,John Part,10,3,0,Dennis Smith,31,John Part,10
World Championship,238,2000,Last 16,John Lowe,1433,Keith Deller,1379,3,1,John Lowe,1433,Keith Deller,1379
World Championship,238,2000,Last 16,Shayne Burgess,1455,Nigel Justice,1997,3,0,Shayne Burgess,1455,Nigel Justice,1997
World Championship,238,2000,Last 16,Dennis Priestley,8,Jamie Harvey,49,3,2,Dennis Priestley,8,Jamie Harvey,49
World Championship,238,2000,Last 16,Peter Evison,1447,Steve Raw,1995,3,1,Peter Evison,1447,Steve Raw,1995
World Championship,238,2000,Last 16,Peter Manley,4,Steve Brown (US),1548,3,1,Peter Manley,4,Steve Brown (US),1548
World Championship,238,2000,Quarter Final,Phil Taylor,1,Alan Warriner-Little,26,5,0,Phil Taylor,1,Alan Warriner-Little,26
World Championship,238,2000,Quarter Final,Dennis Smith,31,John Lowe,1433,5,3,Dennis Smith,31,John Lowe,1433
World Championship,238,2000,Quarter Final,Dennis Priestley,8,Shayne Burgess,1455,5,4,Dennis Priestley,8,Shayne Burgess,1455
World Championship,238,2000,Quarter Final,Peter Manley,4,Peter Evison,1447,5,1,Peter Manley,4,Peter Evison,1447
World Championship,238,2000,Semi Final,Phil Taylor,1,Dennis Smith,31,5,0,Phil Taylor,1,Dennis Smith,31
World Championship,238,2000,Semi Final,Dennis Priestley,8,Peter Manley,4,5,2,Dennis Priestley,8,Peter Manley,4
World Championship,238,2000,Final,Phil Taylor,1,Dennis Priestley,8,7,3,Phil Taylor,1,Dennis Priestley,8
World Championship,237,2001,Last 32,Alan Warriner-Little,26,Reg Harding,1555,3,0,Alan Warriner-Little,26,Reg Harding,1555
World Championship,237,2001,Last 32,Paul Lim,1566,Dan Lauby Snr,1742,3,1,Paul Lim,1566,Dan Lauby Snr,1742
World Championship,237,2001,Last 32,Dennis Smith,31,Peter Evison,1447,3,0,Dennis Smith,31,Peter Evison,1447
World Championship,237,2001,Last 32,John Part,10,Colin Lloyd,3,3,0,John Part,10,Colin Lloyd,3
World Championship,237,2001,Last 32,Rod Harrington,1502,Bob Anderson,28,3,1,Rod Harrington,1502,Bob Anderson,28
World Championship,237,2001,Last 32,Graeme Stoddart,1450,Gayl King,2005,3,1,Graeme Stoddart,1450,Gayl King,2005
World Championship,237,2001,Last 32,Cliff Lazarenko,1439,Steve Cummings,2004,3,0,Cliff Lazarenko,1439,Steve Cummings,2004
World Championship,237,2001,Last 32,Roland Scholten,6,Shayne Burgess,1455,3,0,Roland Scholten,6,Shayne Burgess,1455
World Championship,237,2001,Last 32,Phil Taylor,1,Nigel Justice,1997,3,0,Phil Taylor,1,Nigel Justice,1997
World Championship,237,2001,Last 32,Les Fitton,1928,Denis Ovens,19,3,1,Les Fitton,1928,Denis Ovens,19
World Championship,237,2001,Last 32,Richie Burnett,51,Steve Brown (US),1548,3,2,Richie Burnett,51,Steve Brown (US),1548
World Championship,237,2001,Last 32,Keith Deller,1379,Dennis Priestley,8,3,2,Keith Deller,1379,Dennis Priestley,8
World Championship,237,2001,Last 32,Dave Askew,29,Mick Manning,1409,3,2,Dave Askew,29,Mick Manning,1409
World Championship,237,2001,Last 32,Alex Roy,22,Steve Raw,1995,3,2,Alex Roy,22,Steve Raw,1995
World Championship,237,2001,Last 32,John Lowe,1433,Gary Spedding,1471,3,1,John Lowe,1433,Gary Spedding,1471
World Championship,237,2001,Last 32,Jamie Harvey,49,Peter Manley,4,3,2,Jamie Harvey,49,Peter Manley,4
World Championship,237,2001,Last 16,Alan Warriner-Little,26,Paul Lim,1566,3,2,Alan Warriner-Little,26,Paul Lim,1566
World Championship,237,2001,Last 16,John Part,10,Dennis Smith,31,3,2,John Part,10,Dennis Smith,31
World Championship,237,2001,Last 16,Rod Harrington,1502,Graeme Stoddart,1450,3,0,Rod Harrington,1502,Graeme Stoddart,1450
World Championship,237,2001,Last 16,Roland Scholten,6,Cliff Lazarenko,1439,3,0,Roland Scholten,6,Cliff Lazarenko,1439
World Championship,237,2001,Last 16,Phil Taylor,1,Les Fitton,1928,3,1,Phil Taylor,1,Les Fitton,1928
World Championship,237,2001,Last 16,Keith Deller,1379,Richie Burnett,51,3,2,Keith Deller,1379,Richie Burnett,51
World Championship,237,2001,Last 16,Dave Askew,29,Alex Roy,22,3,2,Dave Askew,29,Alex Roy,22
World Championship,237,2001,Last 16,Jamie Harvey,49,John Lowe,1433,3,0,Jamie Harvey,49,John Lowe,1433
World Championship,237,2001,Quarter Final,John Part,10,Alan Warriner-Little,26,4,1,John Part,10,Alan Warriner-Little,26
World Championship,237,2001,Quarter Final,Rod Harrington,1502,Roland Scholten,6,4,2,Rod Harrington,1502,Roland Scholten,6
World Championship,237,2001,Quarter Final,Phil Taylor,1,Keith Deller,1379,4,0,Phil Taylor,1,Keith Deller,1379
World Championship,237,2001,Quarter Final,Dave Askew,29,Jamie Harvey,49,4,0,Dave Askew,29,Jamie Harvey,49
World Championship,237,2001,Semi Final,John Part,10,Rod Harrington,1502,6,5,John Part,10,Rod Harrington,1502
World Championship,237,2001,Semi Final,Phil Taylor,1,Dave Askew,29,6,0,Phil Taylor,1,Dave Askew,29
World Championship,237,2001,Final,Phil Taylor,1,John Part,10,7,0,Phil Taylor,1,John Part,10
World Championship,236,2002,Last 32,Phil Taylor,1,Paul Williams,1389,4,1,Phil Taylor,1,Paul Williams,1389
World Championship,236,2002,Last 32,Shayne Burgess,1455,Jamie Harvey,49,4,3,Shayne Burgess,1455,Jamie Harvey,49
World Championship,236,2002,Last 32,Steve Beaton,33,Bob Anderson,28,4,3,Steve Beaton,33,Bob Anderson,28
World Championship,236,2002,Last 32,John Part,10,Mick Manning,1409,4,2,John Part,10,Mick Manning,1409
World Championship,236,2002,Last 32,Roland Scholten,6,Cliff Lazarenko,1439,4,1,Roland Scholten,6,Cliff Lazarenko,1439
World Championship,236,2002,Last 32,Dave Askew,29,Chris Mason,17,4,3,Dave Askew,29,Chris Mason,17
World Championship,236,2002,Last 32,Dennis Priestley,8,Matt Chapman,1446,4,1,Dennis Priestley,8,Matt Chapman,1446
World Championship,236,2002,Last 32,Rod Harrington,1502,Keith Deller,1379,4,3,Rod Harrington,1502,Keith Deller,1379
World Championship,236,2002,Last 32,Peter Manley,4,Steve Brown (US),1548,4,1,Peter Manley,4,Steve Brown (US),1548
World Championship,236,2002,Last 32,John Lowe,1433,Les Fitton,1928,4,1,John Lowe,1433,Les Fitton,1928
World Championship,236,2002,Last 32,Ronnie Baxter,14,Kevin Painter,18,4,2,Ronnie Baxter,14,Kevin Painter,18
World Championship,236,2002,Last 32,Dennis Smith,31,Paul Lim,1566,4,0,Dennis Smith,31,Paul Lim,1566
World Championship,236,2002,Last 32,Richie Burnett,51,Peter Evison,1447,4,1,Richie Burnett,51,Peter Evison,1447
World Championship,236,2002,Last 32,Denis Ovens,19,Andy Jenkins,13,4,3,Denis Ovens,19,Andy Jenkins,13
World Championship,236,2002,Last 32,Colin Lloyd,3,Alex Roy,22,4,2,Colin Lloyd,3,Alex Roy,22
World Championship,236,2002,Last 32,Alan Warriner-Little,26,Reg Harding,1555,4,2,Alan Warriner-Little,26,Reg Harding,1555
World Championship,236,2002,Last 16,Phil Taylor,1,Shayne Burgess,1455,6,1,Phil Taylor,1,Shayne Burgess,1455
World Championship,236,2002,Last 16,John Part,10,Steve Beaton,33,6,0,John Part,10,Steve Beaton,33
World Championship,236,2002,Last 16,Dave Askew,29,Roland Scholten,6,6,3,Dave Askew,29,Roland Scholten,6
World Championship,236,2002,Last 16,Dennis Priestley,8,Rod Harrington,1502,6,3,Dennis Priestley,8,Rod Harrington,1502
World Championship,236,2002,Last 16,Peter Manley,4,John Lowe,1433,6,5,Peter Manley,4,John Lowe,1433
World Championship,236,2002,Last 16,Ronnie Baxter,14,Dennis Smith,31,6,1,Ronnie Baxter,14,Dennis Smith,31
World Championship,236,2002,Last 16,Richie Burnett,51,Denis Ovens,19,6,4,Richie Burnett,51,Denis Ovens,19
World Championship,236,2002,Last 16,Colin Lloyd,3,Alan Warriner-Little,26,6,4,Colin Lloyd,3,Alan Warriner-Little,26
World Championship,236,2002,Quarter Final,Phil Taylor,1,John Part,10,6,0,Phil Taylor,1,John Part,10
World Championship,236,2002,Quarter Final,Dave Askew,29,Dennis Priestley,8,6,2,Dave Askew,29,Dennis Priestley,8
World Championship,236,2002,Quarter Final,Peter Manley,4,Ronnie Baxter,14,6,2,Peter Manley,4,Ronnie Baxter,14
World Championship,236,2002,Quarter Final,Colin Lloyd,3,Richie Burnett,51,6,4,Colin Lloyd,3,Richie Burnett,51
World Championship,236,2002,Semi Final,Phil Taylor,1,Dave Askew,29,6,0,Phil Taylor,1,Dave Askew,29
World Championship,236,2002,Semi Final,Peter Manley,4,Colin Lloyd,3,6,4,Peter Manley,4,Colin Lloyd,3
World Championship,236,2002,Final,Phil Taylor,1,Peter Manley,4,7,0,Phil Taylor,1,Peter Manley,4
World Championship,235,2003,Last 40,Shayne Burgess,1455,Arjan Moen,1582,4,2,Shayne Burgess,1455,Arjan Moen,1582
World Championship,235,2003,Last 40,Reg Harding,1555,Mark Robinson,1417,4,3,Reg Harding,1555,Mark Robinson,1417
World Championship,235,2003,Last 40,Mick Manning,1409,Lee Palfreyman,1430,4,2,Mick Manning,1409,Lee Palfreyman,1430
World Championship,235,2003,Last 40,Bob Anderson,28,Al Hedman,1701,4,0,Bob Anderson,28,Al Hedman,1701
World Championship,235,2003,Last 40,Wayne Mardle,9,Ray Carver,46,4,0,Wayne Mardle,9,Ray Carver,46
World Championship,235,2003,Last 40,Simon Whitlock,1500,Paul Williams,1389,4,2,Simon Whitlock,1500,Paul Williams,1389
World Championship,235,2003,Last 40,Mark Holden,1385,Dave Smith,1451,4,3,Mark Holden,1385,Dave Smith,1451
World Championship,235,2003,Last 40,Steve Brown (US),1548,David Platt,1401,4,2,Steve Brown (US),1548,David Platt,1401
World Championship,235,2003,Last 32,John Part,10,Cliff Lazarenko,1439,4,1,John Part,10,Cliff Lazarenko,1439
World Championship,235,2003,Last 32,Jamie Harvey,49,Mark Holden,1385,4,1,Jamie Harvey,49,Mark Holden,1385
World Championship,235,2003,Last 32,Chris Mason,17,Andy Jenkins,13,4,2,Chris Mason,17,Andy Jenkins,13
World Championship,235,2003,Last 32,Colin Lloyd,3,Bob Anderson,28,4,3,Colin Lloyd,3,Bob Anderson,28
World Championship,235,2003,Last 32,Simon Whitlock,1500,Peter Manley,4,4,1,Simon Whitlock,1500,Peter Manley,4
World Championship,235,2003,Last 32,Richie Burnett,51,Keith Deller,1379,4,3,Richie Burnett,51,Keith Deller,1379
World Championship,235,2003,Last 32,Kevin Painter,18,Reg Harding,1555,4,1,Kevin Painter,18,Reg Harding,1555
World Championship,235,2003,Last 32,Ronnie Baxter,14,Mick Manning,1409,4,1,Ronnie Baxter,14,Mick Manning,1409
World Championship,235,2003,Last 32,Alan Warriner-Little,26,Rod Harrington,1502,4,2,Alan Warriner-Little,26,Rod Harrington,1502
World Championship,235,2003,Last 32,Les Fitton,1928,John Lowe,1433,4,1,Les Fitton,1928,John Lowe,1433
World Championship,235,2003,Last 32,Dave Askew,29,Steve Beaton,33,4,3,Dave Askew,29,Steve Beaton,33
World Championship,235,2003,Last 32,Roland Scholten,6,Shayne Burgess,1455,4,1,Roland Scholten,6,Shayne Burgess,1455
World Championship,235,2003,Last 32,Dennis Smith,31,Dennis Priestley,8,4,1,Dennis Smith,31,Dennis Priestley,8
World Championship,235,2003,Last 32,Denis Ovens,19,Alex Roy,22,4,1,Denis Ovens,19,Alex Roy,22
World Championship,235,2003,Last 32,Wayne Mardle,9,Peter Evison,1447,4,3,Wayne Mardle,9,Peter Evison,1447
World Championship,235,2003,Last 32,Phil Taylor,1,Steve Brown (US),1548,4,1,Phil Taylor,1,Steve Brown (US),1548
World Championship,235,2003,Last 16,John Part,10,Jamie Harvey,49,5,3,John Part,10,Jamie Harvey,49
World Championship,235,2003,Last 16,Chris Mason,17,Colin Lloyd,3,5,1,Chris Mason,17,Colin Lloyd,3
World Championship,235,2003,Last 16,Richie Burnett,51,Simon Whitlock,1500,5,3,Richie Burnett,51,Simon Whitlock,1500
World Championship,235,2003,Last 16,Kevin Painter,18,Ronnie Baxter,14,5,3,Kevin Painter,18,Ronnie Baxter,14
World Championship,235,2003,Last 16,Alan Warriner-Little,26,Les Fitton,1928,5,4,Alan Warriner-Little,26,Les Fitton,1928
World Championship,235,2003,Last 16,Roland Scholten,6,Dave Askew,29,5,0,Roland Scholten,6,Dave Askew,29
World Championship,235,2003,Last 16,Dennis Smith,31,Denis Ovens,19,5,1,Dennis Smith,31,Denis Ovens,19
World Championship,235,2003,Last 16,Phil Taylor,1,Wayne Mardle,9,5,3,Phil Taylor,1,Wayne Mardle,9
World Championship,235,2003,Quarter Final,John Part,10,Chris Mason,17,5,0,John Part,10,Chris Mason,17
World Championship,235,2003,Quarter Final,Kevin Painter,18,Richie Burnett,51,5,2,Kevin Painter,18,Richie Burnett,51
World Championship,235,2003,Quarter Final,Alan Warriner-Little,26,Roland Scholten,6,5,2,Alan Warriner-Little,26,Roland Scholten,6
World Championship,235,2003,Quarter Final,Phil Taylor,1,Dennis Smith,31,5,3,Phil Taylor,1,Dennis Smith,31
World Championship,235,2003,Semi Final,John Part,10,Kevin Painter,18,6,4,John Part,10,Kevin Painter,18
World Championship,235,2003,Semi Final,Phil Taylor,1,Alan Warriner-Little,26,6,1,Phil Taylor,1,Alan Warriner-Little,26
World Championship,235,2003,Final,John Part,10,Phil Taylor,1,7,6,John Part,10,Phil Taylor,1
World Championship,234,2004,Last 48,Henry O Neill,1456,Robbie Widdows,1440,3,2,Henry O Neill,1456,Robbie Widdows,1440
World Championship,234,2004,Last 48,Alex MacKay,1971,Barry Jouannet Jnr,1498,3,2,Alex MacKay,1971,Barry Jouannet Jnr,1498
World Championship,234,2004,Last 48,Steve Smith,1382,Norman Madhoo,1760,3,1,Steve Smith,1382,Norman Madhoo,1760
World Championship,234,2004,Last 48,Erik Clarys,40,Dan Lauby Snr,1742,3,0,Erik Clarys,40,Dan Lauby Snr,1742
World Championship,234,2004,Last 48,Steve Maish,35,Tony Payne,1856,3,0,Steve Maish,35,Tony Payne,1856
World Championship,234,2004,Last 48,Ritchie Buckle,1970,Jan van der Rassel,53,3,1,Ritchie Buckle,1970,Jan van der Rassel,53
World Championship,234,2004,Last 48,Colin McGarry,1515,Rory Orvis,2753,3,0,Colin McGarry,1515,Rory Orvis,2753
World Championship,234,2004,Last 48,Wayne Atwood,1381,Toro Sano,1973,3,0,Wayne Atwood,1381,Toro Sano,1973
World Championship,234,2004,Last 40,Simon Whatley,1452,Henry O Neill,1456,3,1,Simon Whatley,1452,Henry O Neill,1456
World Championship,234,2004,Last 40,Mark Dudbridge,20,Steve Smith,1382,3,0,Mark Dudbridge,20,Steve Smith,1382
World Championship,234,2004,Last 40,Wayne Atwood,1381,Mick Manning,1409,3,0,Wayne Atwood,1381,Mick Manning,1409
World Championship,234,2004,Last 40,Lionel Sams,30,Alex MacKay,1971,3,2,Lionel Sams,30,Alex MacKay,1971
World Championship,234,2004,Last 40,Erik Clarys,40,Mark Walsh,15,3,0,Erik Clarys,40,Mark Walsh,15
World Championship,234,2004,Last 40,Steve Maish,35,Cliff Lazarenko,1439,3,2,Steve Maish,35,Cliff Lazarenko,1439
World Championship,234,2004,Last 40,Ritchie Buckle,1970,Steve Brown (US),1548,3,0,Ritchie Buckle,1970,Steve Brown (US),1548
World Championship,234,2004,Last 40,Colin McGarry,1515,Mark Holden,1385,3,0,Colin McGarry,1515,Mark Holden,1385
World Championship,234,2004,Last 32,Mark Dudbridge,20,John Part,10,4,3,Mark Dudbridge,20,John Part,10
World Championship,234,2004,Last 32,Steve Beaton,33,Jamie Harvey,49,4,0,Steve Beaton,33,Jamie Harvey,49
World Championship,234,2004,Last 32,Kevin Painter,18,Paul Williams,1389,4,3,Kevin Painter,18,Paul Williams,1389
World Championship,234,2004,Last 32,Ronnie Baxter,14,Erik Clarys,40,4,2,Ronnie Baxter,14,Erik Clarys,40
World Championship,234,2004,Last 32,Dennis Smith,31,Les Fitton,1928,4,2,Dennis Smith,31,Les Fitton,1928
World Championship,234,2004,Last 32,Bob Anderson,28,Andy Jenkins,13,4,1,Bob Anderson,28,Andy Jenkins,13
World Championship,234,2004,Last 32,Keith Deller,1379,Dave Askew,29,4,3,Keith Deller,1379,Dave Askew,29
World Championship,234,2004,Last 32,Peter Manley,4,Wayne Atwood,1381,4,3,Peter Manley,4,Wayne Atwood,1381
World Championship,234,2004,Last 32,Lionel Sams,30,Roland Scholten,6,4,2,Lionel Sams,30,Roland Scholten,6
World Championship,234,2004,Last 32,Simon Whatley,1452,Richie Burnett,51,4,3,Simon Whatley,1452,Richie Burnett,51
World Championship,234,2004,Last 32,Wayne Mardle,9,Steve Maish,35,4,2,Wayne Mardle,9,Steve Maish,35
World Championship,234,2004,Last 32,Colin Lloyd,3,Peter Evison,1447,4,1,Colin Lloyd,3,Peter Evison,1447
World Championship,234,2004,Last 32,Alex Roy,22,Denis Ovens,19,4,3,Alex Roy,22,Denis Ovens,19
World Championship,234,2004,Last 32,Alan Warriner-Little,26,John Lowe,1433,4,3,Alan Warriner-Little,26,John Lowe,1433
World Championship,234,2004,Last 32,Dennis Priestley,8,Ritchie Buckle,1970,4,3,Dennis Priestley,8,Ritchie Buckle,1970
World Championship,234,2004,Last 32,Phil Taylor,1,Colin McGarry,1515,4,0,Phil Taylor,1,Colin McGarry,1515
World Championship,234,2004,Last 16,Mark Dudbridge,20,Steve Beaton,33,4,1,Mark Dudbridge,20,Steve Beaton,33
World Championship,234,2004,Last 16,Kevin Painter,18,Ronnie Baxter,14,4,2,Kevin Painter,18,Ronnie Baxter,14
World Championship,234,2004,Last 16,Bob Anderson,28,Dennis Smith,31,4,3,Bob Anderson,28,Dennis Smith,31
World Championship,234,2004,Last 16,Peter Manley,4,Keith Deller,1379,4,2,Peter Manley,4,Keith Deller,1379
World Championship,234,2004,Last 16,Simon Whatley,1452,Lionel Sams,30,4,1,Simon Whatley,1452,Lionel Sams,30
World Championship,234,2004,Last 16,Wayne Mardle,9,Colin Lloyd,3,4,3,Wayne Mardle,9,Colin Lloyd,3
World Championship,234,2004,Last 16,Alan Warriner-Little,26,Alex Roy,22,4,3,Alan Warriner-Little,26,Alex Roy,22
World Championship,234,2004,Last 16,Phil Taylor,1,Dennis Priestley,8,4,1,Phil Taylor,1,Dennis Priestley,8
World Championship,234,2004,Quarter Final,Kevin Painter,18,Mark Dudbridge,20,5,1,Kevin Painter,18,Mark Dudbridge,20
World Championship,234,2004,Quarter Final,Bob Anderson,28,Peter Manley,4,5,2,Bob Anderson,28,Peter Manley,4
World Championship,234,2004,Quarter Final,Wayne Mardle,9,Simon Whatley,1452,5,1,Wayne Mardle,9,Simon Whatley,1452
World Championship,234,2004,Quarter Final,Phil Taylor,1,Alan Warriner-Little,26,5,1,Phil Taylor,1,Alan Warriner-Little,26
World Championship,234,2004,Semi Final,Kevin Painter,18,Bob Anderson,28,6,0,Kevin Painter,18,Bob Anderson,28
World Championship,234,2004,Semi Final,Phil Taylor,1,Wayne Mardle,9,6,2,Phil Taylor,1,Wayne Mardle,9
World Championship,234,2004,Final,Phil Taylor,1,Kevin Painter,18,7,6,Phil Taylor,1,Kevin Painter,18
World Championship,233,2005,Last 48,Andy Hamilton,12,Mark Thomson,1384,3,0,Andy Hamilton,12,Mark Thomson,1384
World Championship,233,2005,Last 48,Wayne Jones,25,Barry Jouannet Jnr,1498,3,0,Wayne Jones,25,Barry Jouannet Jnr,1498
World Championship,233,2005,Last 48,Mark Landers,1468,Alan Reynolds,1408,3,2,Mark Landers,1468,Alan Reynolds,1408
World Championship,233,2005,Last 48,Mark Holden,1385,James Wade,11,3,0,Mark Holden,1385,James Wade,11
World Championship,233,2005,Last 48,Josephus Schenk,1398,Darin Young,1380,3,2,Josephus Schenk,1398,Darin Young,1380
World Championship,233,2005,Last 48,John Verwey,1224,Anthony Forde,1969,3,2,John Verwey,1224,Anthony Forde,1969
World Championship,233,2005,Last 48,Gerry Convery,47,Tang Jun,1968,3,0,Gerry Convery,47,Tang Jun,1968
World Championship,233,2005,Last 48,Jason Clark,54,Yasuhiko Matsunaga,1427,3,0,Jason Clark,54,Yasuhiko Matsunaga,1427
World Championship,233,2005,Last 40,Andy Hamilton,12,Mick Manning,1409,3,0,Andy Hamilton,12,Mick Manning,1409
World Championship,233,2005,Last 40,Wayne Jones,25,Keith Deller,1379,3,1,Wayne Jones,25,Keith Deller,1379
World Championship,233,2005,Last 40,Peter Evison,1447,Mark Landers,1468,3,0,Peter Evison,1447,Mark Landers,1468
World Championship,233,2005,Last 40,Mark Holden,1385,Simon Whatley,1452,3,0,Mark Holden,1385,Simon Whatley,1452
World Championship,233,2005,Last 40,Josephus Schenk,1398,Alan Caves,41,3,0,Josephus Schenk,1398,Alan Caves,41
World Championship,233,2005,Last 40,John Verwey,1224,John Lowe,1433,3,2,John Verwey,1224,John Lowe,1433
World Championship,233,2005,Last 40,Gerry Convery,47,Wes Newton,24,3,0,Gerry Convery,47,Wes Newton,24
World Championship,233,2005,Last 40,Chris Mason,17,Jason Clark,54,3,1,Chris Mason,17,Jason Clark,54
World Championship,233,2005,Last 32,Phil Taylor,1,Alex Roy,22,4,0,Phil Taylor,1,Alex Roy,22
World Championship,233,2005,Last 32,Dennis Priestley,8,Lionel Sams,30,4,1,Dennis Priestley,8,Lionel Sams,30
World Championship,233,2005,Last 32,Andy Jenkins,13,Peter Evison,1447,4,0,Andy Jenkins,13,Peter Evison,1447
World Championship,233,2005,Last 32,Kevin Painter,18,Wayne Jones,25,4,2,Kevin Painter,18,Wayne Jones,25
World Championship,233,2005,Last 32,Ronnie Baxter,14,Terry Jenkins,7,4,2,Ronnie Baxter,14,Terry Jenkins,7
World Championship,233,2005,Last 32,Bob Anderson,28,Dennis Smith,31,4,2,Bob Anderson,28,Dennis Smith,31
World Championship,233,2005,Last 32,Andy Hamilton,12,Steve Beaton,33,4,2,Andy Hamilton,12,Steve Beaton,33
World Championship,233,2005,Last 32,Josephus Schenk,1398,Peter Manley,4,4,2,Josephus Schenk,1398,Peter Manley,4
World Championship,233,2005,Last 32,John Part,10,Gerry Convery,47,4,1,John Part,10,Gerry Convery,47
World Championship,233,2005,Last 32,Mark Dudbridge,20,Richie Burnett,51,4,3,Mark Dudbridge,20,Richie Burnett,51
World Championship,233,2005,Last 32,Denis Ovens,19,Mark Holden,1385,4,1,Denis Ovens,19,Mark Holden,1385
World Championship,233,2005,Last 32,Roland Scholten,6,Jamie Harvey,49,4,2,Roland Scholten,6,Jamie Harvey,49
World Championship,233,2005,Last 32,Wayne Mardle,9,Mark Walsh,15,4,2,Wayne Mardle,9,Mark Walsh,15
World Championship,233,2005,Last 32,Paul Williams,1389,Alan Warriner-Little,26,4,1,Paul Williams,1389,Alan Warriner-Little,26
World Championship,233,2005,Last 32,Chris Mason,17,Dave Askew,29,4,3,Chris Mason,17,Dave Askew,29
World Championship,233,2005,Last 32,Colin Lloyd,3,John Verwey,1224,4,1,Colin Lloyd,3,John Verwey,1224
World Championship,233,2005,Last 16,Phil Taylor,1,Dennis Priestley,8,4,0,Phil Taylor,1,Dennis Priestley,8
World Championship,233,2005,Last 16,Kevin Painter,18,Andy Jenkins,13,4,3,Kevin Painter,18,Andy Jenkins,13
World Championship,233,2005,Last 16,Bob Anderson,28,Ronnie Baxter,14,4,2,Bob Anderson,28,Ronnie Baxter,14
World Championship,233,2005,Last 16,Andy Hamilton,12,Josephus Schenk,1398,4,1,Andy Hamilton,12,Josephus Schenk,1398
World Championship,233,2005,Last 16,Mark Dudbridge,20,John Part,10,4,2,Mark Dudbridge,20,John Part,10
World Championship,233,2005,Last 16,Denis Ovens,19,Roland Scholten,6,4,2,Denis Ovens,19,Roland Scholten,6
World Championship,233,2005,Last 16,Wayne Mardle,9,Paul Williams,1389,4,3,Wayne Mardle,9,Paul Williams,1389
World Championship,233,2005,Last 16,Colin Lloyd,3,Chris Mason,17,4,3,Colin Lloyd,3,Chris Mason,17
World Championship,233,2005,Quarter Final,Phil Taylor,1,Kevin Painter,18,5,1,Phil Taylor,1,Kevin Painter,18
World Championship,233,2005,Quarter Final,Bob Anderson,28,Andy Hamilton,12,5,1,Bob Anderson,28,Andy Hamilton,12
World Championship,233,2005,Quarter Final,Mark Dudbridge,20,Denis Ovens,19,5,3,Mark Dudbridge,20,Denis Ovens,19
World Championship,233,2005,Quarter Final,Wayne Mardle,9,Colin Lloyd,3,5,4,Wayne Mardle,9,Colin Lloyd,3
World Championship,233,2005,Semi Final,Phil Taylor,1,Bob Anderson,28,6,2,Phil Taylor,1,Bob Anderson,28
World Championship,233,2005,Semi Final,Mark Dudbridge,20,Wayne Mardle,9,6,4,Mark Dudbridge,20,Wayne Mardle,9
World Championship,233,2005,Final,Phil Taylor,1,Mark Dudbridge,20,7,4,Phil Taylor,1,Mark Dudbridge,20
World Championship,38,2006,Last 64,Gerry Convery,47,Dave Askew,29,3,0,Gerry Convery,47,Dave Askew,29
World Championship,38,2006,Last 64,Alan Warriner-Little,26,Andree Welge,1428,3,0,Alan Warriner-Little,26,Andree Welge,1428
World Championship,38,2006,Last 64,Andy Smith,21,Colin Monk,39,3,0,Andy Smith,21,Colin Monk,39
World Championship,38,2006,Last 64,Ray Carver,46,Ronnie Baxter,14,3,2,Ray Carver,46,Ronnie Baxter,14
World Championship,38,2006,Last 64,Chris Mason,17,Steve Hine,43,3,1,Chris Mason,17,Steve Hine,43
World Championship,38,2006,Last 64,John Part,10,Cheng An Liu,16174,3,0,John Part,10,Cheng An Liu,16174
World Championship,38,2006,Last 64,Erik Clarys,40,Winston Cadogan,1425,3,0,Erik Clarys,40,Winston Cadogan,1425
World Championship,38,2006,Last 64,Wayne Mardle,9,Brian Roach,1393,3,1,Wayne Mardle,9,Brian Roach,1393
World Championship,38,2006,Last 64,Alan Tabern,23,Alex Roy,22,3,2,Alan Tabern,23,Alex Roy,22
World Championship,38,2006,Last 64,Mark Dudbridge,20,Darin Young,1380,3,0,Mark Dudbridge,20,Darin Young,1380
World Championship,38,2006,Last 64,Wes Newton,24,Yasuhiko Matsunaga,1427,3,0,Wes Newton,24,Yasuhiko Matsunaga,1427
World Championship,38,2006,Last 64,Kevin Painter,18,Dale Newton,1402,3,1,Kevin Painter,18,Dale Newton,1402
World Championship,38,2006,Last 64,Andy Hamilton,12,Bob Anderson,28,3,2,Andy Hamilton,12,Bob Anderson,28
World Championship,38,2006,Last 64,Terry Jenkins,7,Jimmy Mann,45,3,2,Terry Jenkins,7,Jimmy Mann,45
World Championship,38,2006,Last 64,Matt Clark,37,Ken Woods,1429,3,0,Matt Clark,37,Ken Woods,1429
World Championship,38,2006,Last 64,Phil Taylor,1,David Platt,1401,3,0,Phil Taylor,1,David Platt,1401
World Championship,38,2006,Last 64,Adrian Lewis,5,Dave Honey,1383,3,0,Adrian Lewis,5,Dave Honey,1383
World Championship,38,2006,Last 64,Dennis Priestley,8,John Magowan,38,3,1,Dennis Priestley,8,John Magowan,38
World Championship,38,2006,Last 64,Tomas Seyler,1378,Jamie Harvey,49,3,0,Tomas Seyler,1378,Jamie Harvey,49
World Championship,38,2006,Last 64,Roland Scholten,6,Dave Whitcombe,1403,3,1,Roland Scholten,6,Dave Whitcombe,1403
World Championship,38,2006,Last 64,Dennis Smith,31,Mark Salmon,1414,3,2,Dennis Smith,31,Mark Salmon,1414
World Championship,38,2006,Last 64,Mark Walsh,15,Warren Parry,1412,3,0,Mark Walsh,15,Warren Parry,1412
World Championship,38,2006,Last 64,Jason Clark,54,Steve Maish,35,3,2,Jason Clark,54,Steve Maish,35
World Championship,38,2006,Last 64,Peter Manley,4,Kevin Spiolek,1400,3,0,Peter Manley,4,Kevin Spiolek,1400
World Championship,38,2006,Last 64,Steve Alker,50,Alan Caves,41,3,1,Steve Alker,50,Alan Caves,41
World Championship,38,2006,Last 64,Denis Ovens,19,Geoff Wylie,1410,3,1,Denis Ovens,19,Geoff Wylie,1410
World Championship,38,2006,Last 64,Wayne Jones,25,James Wade,11,3,2,Wayne Jones,25,James Wade,11
World Championship,38,2006,Last 64,Andy Jenkins,13,Patrick Bulen,1413,3,1,Andy Jenkins,13,Patrick Bulen,1413
World Championship,38,2006,Last 64,Jan van der Rassel,53,Steve Beaton,33,3,0,Jan van der Rassel,53,Steve Beaton,33
World Championship,38,2006,Last 64,John Kuczynski,42,Lionel Sams,30,3,0,John Kuczynski,42,Lionel Sams,30
World Championship,38,2006,Last 64,Erwin Extercatte,52,Darren Webster,34,3,2,Erwin Extercatte,52,Darren Webster,34
World Championship,38,2006,Last 64,Gary Welding,36,Colin Lloyd,3,3,2,Gary Welding,36,Colin Lloyd,3
World Championship,38,2006,Last 32,Alan Warriner-Little,26,Gerry Convery,47,4,0,Alan Warriner-Little,26,Gerry Convery,47
World Championship,38,2006,Last 32,Andy Smith,21,Ray Carver,46,4,3,Andy Smith,21,Ray Carver,46
World Championship,38,2006,Last 32,John Part,10,Chris Mason,17,4,3,John Part,10,Chris Mason,17
World Championship,38,2006,Last 32,Wayne Mardle,9,Erik Clarys,40,4,1,Wayne Mardle,9,Erik Clarys,40
World Championship,38,2006,Last 32,Mark Dudbridge,20,Alan Tabern,23,4,0,Mark Dudbridge,20,Alan Tabern,23
World Championship,38,2006,Last 32,Kevin Painter,18,Wes Newton,24,4,3,Kevin Painter,18,Wes Newton,24
World Championship,38,2006,Last 32,Andy Hamilton,12,Terry Jenkins,7,4,1,Andy Hamilton,12,Terry Jenkins,7
World Championship,38,2006,Last 32,Phil Taylor,1,Matt Clark,37,4,1,Phil Taylor,1,Matt Clark,37
World Championship,38,2006,Last 32,Adrian Lewis,5,Dennis Priestley,8,4,2,Adrian Lewis,5,Dennis Priestley,8
World Championship,38,2006,Last 32,Roland Scholten,6,Tomas Seyler,1378,4,2,Roland Scholten,6,Tomas Seyler,1378
World Championship,38,2006,Last 32,Dennis Smith,31,Mark Walsh,15,4,0,Dennis Smith,31,Mark Walsh,15
World Championship,38,2006,Last 32,Peter Manley,4,Jason Clark,54,4,3,Peter Manley,4,Jason Clark,54
World Championship,38,2006,Last 32,Steve Alker,50,Denis Ovens,19,4,1,Steve Alker,50,Denis Ovens,19
World Championship,38,2006,Last 32,Wayne Jones,25,Andy Jenkins,13,4,3,Wayne Jones,25,Andy Jenkins,13
World Championship,38,2006,Last 32,John Kuczynski,42,Jan van der Rassel,53,4,3,John Kuczynski,42,Jan van der Rassel,53
World Championship,38,2006,Last 32,Gary Welding,36,Erwin Extercatte,52,4,1,Gary Welding,36,Erwin Extercatte,52
World Championship,38,2006,Last 16,Alan Warriner-Little,26,Andy Smith,21,4,2,Alan Warriner-Little,26,Andy Smith,21
World Championship,38,2006,Last 16,Wayne Mardle,9,John Part,10,4,2,Wayne Mardle,9,John Part,10
World Championship,38,2006,Last 16,Kevin Painter,18,Mark Dudbridge,20,4,1,Kevin Painter,18,Mark Dudbridge,20
World Championship,38,2006,Last 16,Phil Taylor,1,Andy Hamilton,12,4,0,Phil Taylor,1,Andy Hamilton,12
World Championship,38,2006,Last 16,Adrian Lewis,5,Roland Scholten,6,4,3,Adrian Lewis,5,Roland Scholten,6
World Championship,38,2006,Last 16,Peter Manley,4,Dennis Smith,31,4,3,Peter Manley,4,Dennis Smith,31
World Championship,38,2006,Last 16,Wayne Jones,25,Steve Alker,50,4,1,Wayne Jones,25,Steve Alker,50
World Championship,38,2006,Last 16,Gary Welding,36,John Kuczynski,42,4,2,Gary Welding,36,John Kuczynski,42
World Championship,38,2006,Quarter Final,Wayne Mardle,9,Alan Warriner-Little,26,5,0,Wayne Mardle,9,Alan Warriner-Little,26
World Championship,38,2006,Quarter Final,Phil Taylor,1,Kevin Painter,18,5,1,Phil Taylor,1,Kevin Painter,18
World Championship,38,2006,Quarter Final,Peter Manley,4,Adrian Lewis,5,5,3,Peter Manley,4,Adrian Lewis,5
World Championship,38,2006,Quarter Final,Wayne Jones,25,Gary Welding,36,5,0,Wayne Jones,25,Gary Welding,36
World Championship,38,2006,Semi Final,Phil Taylor,1,Wayne Mardle,9,6,5,Phil Taylor,1,Wayne Mardle,9
World Championship,38,2006,Semi Final,Peter Manley,4,Wayne Jones,25,6,0,Peter Manley,4,Wayne Jones,25
World Championship,38,2006,Final,Phil Taylor,1,Peter Manley,4,7,0,Phil Taylor,1,Peter Manley,4
World Championship,37,2007,Last 64,Peter Manley,4,Dave Jowett,1386,3,0,Peter Manley,4,Dave Jowett,1386
World Championship,37,2007,Last 64,John Part,10,Alan Green,1387,3,2,John Part,10,Alan Green,1387
World Championship,37,2007,Last 64,Chris Mason,17,Wayne Atwood,1381,3,0,Chris Mason,17,Wayne Atwood,1381
World Championship,37,2007,Last 64,Mick McGowan,32,Matt Clark,37,3,1,Mick McGowan,32,Matt Clark,37
World Championship,37,2007,Last 64,Phil Taylor,1,Anton Pein,1422,3,0,Phil Taylor,1,Anton Pein,1422
World Championship,37,2007,Last 64,Wes Newton,24,Tetsuya Wada,1424,3,0,Wes Newton,24,Tetsuya Wada,1424
World Championship,37,2007,Last 64,Colin Osborne,27,Kevin Painter,18,3,1,Colin Osborne,27,Kevin Painter,18
World Championship,37,2007,Last 64,Alex Roy,22,Richie Burnett,51,3,0,Alex Roy,22,Richie Burnett,51
World Championship,37,2007,Last 64,Roland Scholten,6,Ron Miller,1418,3,0,Roland Scholten,6,Ron Miller,1418
World Championship,37,2007,Last 64,Andy Smith,21,Shi Yongsheng,1423,3,0,Andy Smith,21,Shi Yongsheng,1423
World Championship,37,2007,Last 64,Andy Jenkins,13,Bill Davis,1391,3,1,Andy Jenkins,13,Bill Davis,1391
World Championship,37,2007,Last 64,Wayne Jones,25,Ian Branks,1416,3,0,Wayne Jones,25,Ian Branks,1416
World Championship,37,2007,Last 64,Adrian Lewis,5,Anthony Fleet,1411,3,0,Adrian Lewis,5,Anthony Fleet,1411
World Championship,37,2007,Last 64,Alan Tabern,23,Alan Warriner-Little,26,3,0,Alan Tabern,23,Alan Warriner-Little,26
World Championship,37,2007,Last 64,Denis Ovens,19,Steve Smith,1382,3,0,Denis Ovens,19,Steve Smith,1382
World Championship,37,2007,Last 64,Dave Askew,29,Martin Burchell,1405,3,2,Dave Askew,29,Martin Burchell,1405
World Championship,37,2007,Last 64,Alan Caves,41,Wayne Mardle,9,3,2,Alan Caves,41,Wayne Mardle,9
World Championship,37,2007,Last 64,Brian Cyr,1397,Barrie Bates,16,3,2,Brian Cyr,1397,Barrie Bates,16
World Championship,37,2007,Last 64,Rico Vonck,55,Mark Walsh,15,3,0,Rico Vonck,55,Mark Walsh,15
World Championship,37,2007,Last 64,Raymond van Barneveld,2,Mitchell Clegg,1420,3,0,Raymond van Barneveld,2,Mitchell Clegg,1420
World Championship,37,2007,Last 64,Colin Lloyd,3,Tomas Seyler,1378,3,0,Colin Lloyd,3,Tomas Seyler,1378
World Championship,37,2007,Last 64,Andy Hamilton,12,Gary Welding,36,3,0,Andy Hamilton,12,Gary Welding,36
World Championship,37,2007,Last 64,Mark Dudbridge,20,John Kuczynski,42,3,1,Mark Dudbridge,20,John Kuczynski,42
World Championship,37,2007,Last 64,Per Laursen,1396,Colin Monk,39,3,0,Per Laursen,1396,Colin Monk,39
World Championship,37,2007,Last 64,Dennis Priestley,8,Josephus Schenk,1398,3,0,Dennis Priestley,8,Josephus Schenk,1398
World Championship,37,2007,Last 64,David Ladley,1390,Lionel Sams,30,3,1,David Ladley,1390,Lionel Sams,30
World Championship,37,2007,Last 64,James Wade,11,Warren French,1421,3,1,James Wade,11,Warren French,1421
World Championship,37,2007,Last 64,Steve Beaton,33,Gerry Convery,47,3,0,Steve Beaton,33,Gerry Convery,47
World Championship,37,2007,Last 64,Terry Jenkins,7,Mark Lawrence,1388,3,1,Terry Jenkins,7,Mark Lawrence,1388
World Championship,37,2007,Last 64,Darren Webster,34,Bob Anderson,28,3,1,Darren Webster,34,Bob Anderson,28
World Championship,37,2007,Last 64,Adrian Gray,48,Ronnie Baxter,14,3,2,Adrian Gray,48,Ronnie Baxter,14
World Championship,37,2007,Last 64,Wynand Havenga,1377,Steve Maish,35,3,2,Wynand Havenga,1377,Steve Maish,35
World Championship,37,2007,Last 32,Phil Taylor,1,Mick McGowan,32,4,1,Phil Taylor,1,Mick McGowan,32
World Championship,37,2007,Last 32,Chris Mason,17,John Part,10,4,2,Chris Mason,17,John Part,10
World Championship,37,2007,Last 32,Darren Webster,34,Adrian Gray,48,4,1,Darren Webster,34,Adrian Gray,48
World Championship,37,2007,Last 32,Wynand Havenga,1377,Peter Manley,4,4,3,Wynand Havenga,1377,Peter Manley,4
World Championship,37,2007,Last 32,Terry Jenkins,7,Steve Beaton,33,4,3,Terry Jenkins,7,Steve Beaton,33
World Championship,37,2007,Last 32,James Wade,11,David Ladley,1390,4,3,James Wade,11,David Ladley,1390
World Championship,37,2007,Last 32,Andy Hamilton,12,Mark Dudbridge,20,4,3,Andy Hamilton,12,Mark Dudbridge,20
World Championship,37,2007,Last 32,Dennis Priestley,8,Per Laursen,1396,4,3,Dennis Priestley,8,Per Laursen,1396
World Championship,37,2007,Last 32,Roland Scholten,6,Alex Roy,22,4,3,Roland Scholten,6,Alex Roy,22
World Championship,37,2007,Last 32,Colin Osborne,27,Wes Newton,24,4,2,Colin Osborne,27,Wes Newton,24
World Championship,37,2007,Last 32,Andy Jenkins,13,Andy Smith,21,4,2,Andy Jenkins,13,Andy Smith,21
World Championship,37,2007,Last 32,Adrian Lewis,5,Wayne Jones,25,4,3,Adrian Lewis,5,Wayne Jones,25
World Championship,37,2007,Last 32,Dave Askew,29,Alan Caves,41,4,2,Dave Askew,29,Alan Caves,41
World Championship,37,2007,Last 32,Alan Tabern,23,Denis Ovens,19,4,3,Alan Tabern,23,Denis Ovens,19
World Championship,37,2007,Last 32,Rico Vonck,55,Brian Cyr,1397,4,2,Rico Vonck,55,Brian Cyr,1397
World Championship,37,2007,Last 32,Raymond van Barneveld,2,Colin Lloyd,3,4,3,Raymond van Barneveld,2,Colin Lloyd,3
World Championship,37,2007,Last 16,Phil Taylor,1,Chris Mason,17,4,0,Phil Taylor,1,Chris Mason,17
World Championship,37,2007,Last 16,Darren Webster,34,Wynand Havenga,1377,4,2,Darren Webster,34,Wynand Havenga,1377
World Championship,37,2007,Last 16,Terry Jenkins,7,James Wade,11,4,3,Terry Jenkins,7,James Wade,11
World Championship,37,2007,Last 16,Andy Hamilton,12,Dennis Priestley,8,4,1,Andy Hamilton,12,Dennis Priestley,8
World Championship,37,2007,Last 16,Colin Osborne,27,Roland Scholten,6,4,2,Colin Osborne,27,Roland Scholten,6
World Championship,37,2007,Last 16,Andy Jenkins,13,Adrian Lewis,5,4,3,Andy Jenkins,13,Adrian Lewis,5
World Championship,37,2007,Last 16,Alan Tabern,23,Dave Askew,29,4,3,Alan Tabern,23,Dave Askew,29
World Championship,37,2007,Last 16,Raymond van Barneveld,2,Rico Vonck,55,4,0,Raymond van Barneveld,2,Rico Vonck,55
World Championship,37,2007,Quarter Final,Phil Taylor,1,Darren Webster,34,5,1,Phil Taylor,1,Darren Webster,34
World Championship,37,2007,Quarter Final,Andy Hamilton,12,Terry Jenkins,7,5,4,Andy Hamilton,12,Terry Jenkins,7
World Championship,37,2007,Quarter Final,Andy Jenkins,13,Colin Osborne,27,5,4,Andy Jenkins,13,Colin Osborne,27
World Championship,37,2007,Quarter Final,Raymond van Barneveld,2,Alan Tabern,23,5,0,Raymond van Barneveld,2,Alan Tabern,23
World Championship,37,2007,Semi Final,Phil Taylor,1,Andy Hamilton,12,6,0,Phil Taylor,1,Andy Hamilton,12
World Championship,37,2007,Semi Final,Raymond van Barneveld,2,Andy Jenkins,13,6,0,Raymond van Barneveld,2,Andy Jenkins,13
World Championship,37,2007,Final,Raymond van Barneveld,2,Phil Taylor,1,7,6,Raymond van Barneveld,2,Phil Taylor,1
World Championship,425,2008,Last 68,Erwin Extercatte,52,Alan Bolton,4673,5,0,Erwin Extercatte,52,Alan Bolton,4673
World Championship,425,2008,Last 68,Shi Yongsheng,1423,Ashfaque Sayed,3849,5,0,Shi Yongsheng,1423,Ashfaque Sayed,3849
World Championship,425,2008,Last 68,Miloslav Navratil,2180,Rizal S Barellano Jr,2739,5,0,Miloslav Navratil,2180,Rizal S Barellano Jr,2739
World Championship,425,2008,Last 68,Anthony Forde,1969,Akahiro Nakagawa,5635,5,2,Anthony Forde,1969,Akahiro Nakagawa,5635
World Championship,425,2008,Last 64,Mark Dudbridge,20,Steve Hine,43,3,1,Mark Dudbridge,20,Steve Hine,43
World Championship,425,2008,Last 64,John Part,10,Charles Losper,4412,3,1,John Part,10,Charles Losper,4412
World Championship,425,2008,Last 64,James Wade,11,Steve McArthur,2791,3,0,James Wade,11,Steve McArthur,2791
World Championship,425,2008,Last 64,Ronnie Baxter,14,Dan Olson,1579,3,2,Ronnie Baxter,14,Dan Olson,1579
World Championship,425,2008,Last 64,Steve Beaton,33,Steve Evans,1454,3,0,Steve Beaton,33,Steve Evans,1454
World Championship,425,2008,Last 64,Mensur Suljovic,1933,Andy Smith,21,3,2,Mensur Suljovic,1933,Andy Smith,21
World Championship,425,2008,Last 64,Erwin Extercatte,52,Colin Osborne,27,3,1,Erwin Extercatte,52,Colin Osborne,27
World Championship,425,2008,Last 64,Alan Warriner-Little,26,Shi Yongsheng,1423,3,1,Alan Warriner-Little,26,Shi Yongsheng,1423
World Championship,425,2008,Last 64,Vincent van der Voort,1499,Jelle Klaasen,1511,3,2,Vincent van der Voort,1499,Jelle Klaasen,1511
World Championship,425,2008,Last 64,Raymond van Barneveld,2,Anthony Forde,1969,3,0,Raymond van Barneveld,2,Anthony Forde,1969
World Championship,425,2008,Last 64,Adrian Lewis,5,Dave Askew,29,3,1,Adrian Lewis,5,Dave Askew,29
World Championship,425,2008,Last 64,Steve Maish,35,Dennis Priestley,8,3,1,Steve Maish,35,Dennis Priestley,8
World Championship,425,2008,Last 64,Alex Roy,22,Warren Parry,1412,3,2,Alex Roy,22,Warren Parry,1412
World Championship,425,2008,Last 64,Andy Hamilton,12,Leroy Kwadijk,3846,3,1,Andy Hamilton,12,Leroy Kwadijk,3846
World Championship,425,2008,Last 64,Tony Eccles,178,Wayne Jones,25,3,0,Tony Eccles,178,Wayne Jones,25
World Championship,425,2008,Last 64,Andy Jenkins,13,Miloslav Navratil,2180,3,2,Andy Jenkins,13,Miloslav Navratil,2180
World Championship,425,2008,Last 64,Kevin Painter,18,Gary Mawson,1584,3,0,Kevin Painter,18,Gary Mawson,1584
World Championship,425,2008,Last 64,Chris Mason,17,Steve Brown,3624,3,1,Chris Mason,17,Steve Brown,3624
World Championship,425,2008,Last 64,Kirk Shepherd,1492,Terry Jenkins,7,3,2,Kirk Shepherd,1492,Terry Jenkins,7
World Championship,425,2008,Last 64,Jason Clark,54,Bob Anderson,28,3,2,Jason Clark,54,Bob Anderson,28
World Championship,425,2008,Last 64,Barrie Bates,16,Gerry Convery,47,3,0,Barrie Bates,16,Gerry Convery,47
World Championship,425,2008,Last 64,Mick McGowan,32,Jacko Barry,4800,3,0,Mick McGowan,32,Jacko Barry,4800
World Championship,425,2008,Last 64,Denis Ovens,19,Colin Monk,39,3,0,Denis Ovens,19,Colin Monk,39
World Championship,425,2008,Last 64,Jamie Caven,1662,Wes Newton,24,3,0,Jamie Caven,1662,Wes Newton,24
World Championship,425,2008,Last 64,Mervyn King,168,Michael Rosenauer,99,3,2,Mervyn King,168,Michael Rosenauer,99
World Championship,425,2008,Last 64,Phil Taylor,1,Michael van Gerwen,1395,3,2,Phil Taylor,1,Michael van Gerwen,1395
World Championship,425,2008,Last 64,Peter Manley,4,Toon Greebe,1617,3,2,Peter Manley,4,Toon Greebe,1617
World Championship,425,2008,Last 64,Roland Scholten,6,Matt Clark,37,3,2,Roland Scholten,6,Matt Clark,37
World Championship,425,2008,Last 64,Jan van der Rassel,53,Colin Lloyd,3,3,2,Jan van der Rassel,53,Colin Lloyd,3
World Championship,425,2008,Last 64,Wayne Mardle,9,Ray Carver,46,3,2,Wayne Mardle,9,Ray Carver,46
World Championship,425,2008,Last 64,Mark Walsh,15,Adrian Gray,48,3,2,Mark Walsh,15,Adrian Gray,48
World Championship,425,2008,Last 64,Alan Tabern,23,Per Laursen,1396,3,1,Alan Tabern,23,Per Laursen,1396
World Championship,425,2008,Last 32,Raymond van Barneveld,2,Jason Clark,54,4,1,Raymond van Barneveld,2,Jason Clark,54
World Championship,425,2008,Last 32,Mark Dudbridge,20,Ronnie Baxter,14,4,2,Mark Dudbridge,20,Ronnie Baxter,14
World Championship,425,2008,Last 32,Alex Roy,22,Andy Hamilton,12,4,1,Alex Roy,22,Andy Hamilton,12
World Championship,425,2008,Last 32,Tony Eccles,178,Steve Maish,35,4,3,Tony Eccles,178,Steve Maish,35
World Championship,425,2008,Last 32,James Wade,11,Steve Beaton,33,4,3,James Wade,11,Steve Beaton,33
World Championship,425,2008,Last 32,John Part,10,Mensur Suljovic,1933,4,1,John Part,10,Mensur Suljovic,1933
World Championship,425,2008,Last 32,Adrian Lewis,5,Vincent van der Voort,1499,4,2,Adrian Lewis,5,Vincent van der Voort,1499
World Championship,425,2008,Last 32,Kirk Shepherd,1492,Mick McGowan,32,4,3,Kirk Shepherd,1492,Mick McGowan,32
World Championship,425,2008,Last 32,Kevin Painter,18,Chris Mason,17,4,0,Kevin Painter,18,Chris Mason,17
World Championship,425,2008,Last 32,Barrie Bates,16,Erwin Extercatte,52,4,3,Barrie Bates,16,Erwin Extercatte,52
World Championship,425,2008,Last 32,Wayne Mardle,9,Jamie Caven,1662,4,1,Wayne Mardle,9,Jamie Caven,1662
World Championship,425,2008,Last 32,Phil Taylor,1,Mark Walsh,15,4,3,Phil Taylor,1,Mark Walsh,15
World Championship,425,2008,Last 32,Roland Scholten,6,Mervyn King,168,4,2,Roland Scholten,6,Mervyn King,168
World Championship,425,2008,Last 32,Peter Manley,4,Alan Warriner-Little,26,4,1,Peter Manley,4,Alan Warriner-Little,26
World Championship,425,2008,Last 32,Jan van der Rassel,53,Denis Ovens,19,4,1,Jan van der Rassel,53,Denis Ovens,19
World Championship,425,2008,Last 32,Alan Tabern,23,Andy Jenkins,13,4,0,Alan Tabern,23,Andy Jenkins,13
World Championship,425,2008,Last 16,John Part,10,Alex Roy,22,4,0,John Part,10,Alex Roy,22
World Championship,425,2008,Last 16,Kevin Painter,18,Raymond van Barneveld,2,4,2,Kevin Painter,18,Raymond van Barneveld,2
World Championship,425,2008,Last 16,Peter Manley,4,Jan van der Rassel,53,4,1,Peter Manley,4,Jan van der Rassel,53
World Championship,425,2008,Last 16,James Wade,11,Mark Dudbridge,20,4,2,James Wade,11,Mark Dudbridge,20
World Championship,425,2008,Last 16,Adrian Lewis,5,Tony Eccles,178,4,3,Adrian Lewis,5,Tony Eccles,178
World Championship,425,2008,Last 16,Kirk Shepherd,1492,Barrie Bates,16,4,2,Kirk Shepherd,1492,Barrie Bates,16
World Championship,425,2008,Last 16,Wayne Mardle,9,Roland Scholten,6,4,3,Wayne Mardle,9,Roland Scholten,6
World Championship,425,2008,Last 16,Phil Taylor,1,Alan Tabern,23,4,3,Phil Taylor,1,Alan Tabern,23
World Championship,425,2008,Quarter Final,Kevin Painter,18,Adrian Lewis,5,5,2,Kevin Painter,18,Adrian Lewis,5
World Championship,425,2008,Quarter Final,Wayne Mardle,9,Phil Taylor,1,5,4,Wayne Mardle,9,Phil Taylor,1
World Championship,425,2008,Quarter Final,John Part,10,James Wade,11,5,4,John Part,10,James Wade,11
World Championship,425,2008,Quarter Final,Kirk Shepherd,1492,Peter Manley,4,5,4,Kirk Shepherd,1492,Peter Manley,4
World Championship,425,2008,Semi Final,Kirk Shepherd,1492,Wayne Mardle,9,6,4,Kirk Shepherd,1492,Wayne Mardle,9
World Championship,425,2008,Semi Final,John Part,10,Kevin Painter,18,6,2,John Part,10,Kevin Painter,18
World Championship,425,2008,Final,John Part,10,Kirk Shepherd,1492,7,2,John Part,10,Kirk Shepherd,1492
World Championship,1154,2009,Last 70,Marko Kantele,89,Lourence Ilagan,2167,5,2,Marko Kantele,89,Lourence Ilagan,2167
World Championship,1154,2009,Last 70,Remco van Eijden,946,Anastasia Dobromyslova,3853,5,3,Remco van Eijden,946,Anastasia Dobromyslova,3853
World Championship,1154,2009,Last 70,Charles Losper,4412,Sudesh Fitzgerald,4312,6,4,Charles Losper,4412,Sudesh Fitzgerald,4312
World Championship,1154,2009,Last 70,David Fatum,972,Shane O'Connor,5135,6,4,David Fatum,972,Shane O'Connor,5135
World Championship,1154,2009,Last 70,Shi Yongsheng,1423,Hannes Schnier,2544,6,4,Shi Yongsheng,1423,Hannes Schnier,2544
World Championship,1154,2009,Last 70,Warren French,1421,Akahiro Nakagawa,5635,5,3,Warren French,1421,Akahiro Nakagawa,5635
World Championship,1154,2009,Last 64,Vincent van der Voort,1499,Nandor Bezzeg,2197,3,0,Vincent van der Voort,1499,Nandor Bezzeg,2197
World Championship,1154,2009,Last 64,James Wade,11,Brendan Dolan,1607,3,0,James Wade,11,Brendan Dolan,1607
World Championship,1154,2009,Last 64,Colin Osborne,27,Charles Losper,4412,3,0,Colin Osborne,27,Charles Losper,4412
World Championship,1154,2009,Last 64,Ronnie Baxter,14,Marko Kantele,89,3,1,Ronnie Baxter,14,Marko Kantele,89
World Championship,1154,2009,Last 64,Tony Eccles,178,Remco van Eijden,946,3,2,Tony Eccles,178,Remco van Eijden,946
World Championship,1154,2009,Last 64,Jan van der Rassel,53,Kirk Shepherd,1492,3,2,Jan van der Rassel,53,Kirk Shepherd,1492
World Championship,1154,2009,Last 64,Paul Nicholson,5212,Adrian Gray,48,3,0,Paul Nicholson,5212,Adrian Gray,48
World Championship,1154,2009,Last 64,Tony Ayres,5326,Andy Smith,21,3,2,Tony Ayres,5326,Andy Smith,21
World Championship,1154,2009,Last 64,Mervyn King,168,Shi Yongsheng,1423,3,0,Mervyn King,168,Shi Yongsheng,1423
World Championship,1154,2009,Last 64,John Magowan,38,Chris Mason,17,3,0,John Magowan,38,Chris Mason,17
World Championship,1154,2009,Last 64,Adrian Lewis,5,Russell Stewart,1536,3,1,Adrian Lewis,5,Russell Stewart,1536
World Championship,1154,2009,Last 64,Jelle Klaasen,1511,Colin Lloyd,3,3,0,Jelle Klaasen,1511,Colin Lloyd,3
World Championship,1154,2009,Last 64,Wayne Mardle,9,David Fatum,972,3,0,Wayne Mardle,9,David Fatum,972
World Championship,1154,2009,Last 64,Andy Hamilton,12,Michael Barnard,1399,3,0,Andy Hamilton,12,Michael Barnard,1399
World Championship,1154,2009,Last 64,Denis Ovens,19,Steve Maish,35,3,0,Denis Ovens,19,Steve Maish,35
World Championship,1154,2009,Last 64,Raymond van Barneveld,2,Mark Stephenson,1482,3,0,Raymond van Barneveld,2,Mark Stephenson,1482
World Championship,1154,2009,Last 64,Mensur Suljovic,1933,Peter Manley,4,3,2,Mensur Suljovic,1933,Peter Manley,4
World Championship,1154,2009,Last 64,Wes Newton,24,Per Laursen,1396,3,1,Wes Newton,24,Per Laursen,1396
World Championship,1154,2009,Last 64,Mark Dudbridge,20,Nick Fullwell,1487,3,2,Mark Dudbridge,20,Nick Fullwell,1487
World Championship,1154,2009,Last 64,Mark Walsh,15,Jamie Caven,1662,3,2,Mark Walsh,15,Jamie Caven,1662
World Championship,1154,2009,Last 64,Kevin McDine,1525,Alex Roy,22,3,1,Kevin McDine,1525,Alex Roy,22
World Championship,1154,2009,Last 64,Phil Taylor,1,Steve Grubb,1480,3,0,Phil Taylor,1,Steve Grubb,1480
World Championship,1154,2009,Last 64,Dennis Priestley,8,Warren French,1421,3,0,Dennis Priestley,8,Warren French,1421
World Championship,1154,2009,Last 64,Barrie Bates,16,Felix McBrearty,1321,3,0,Barrie Bates,16,Felix McBrearty,1321
World Championship,1154,2009,Last 64,Alan Tabern,23,Steve Beaton,33,3,0,Alan Tabern,23,Steve Beaton,33
World Championship,1154,2009,Last 64,Michael van Gerwen,1395,Darin Young,1380,3,1,Michael van Gerwen,1395,Darin Young,1380
World Championship,1154,2009,Last 64,Dennis Smith,31,Terry Jenkins,7,3,1,Dennis Smith,31,Terry Jenkins,7
World Championship,1154,2009,Last 64,Kevin Painter,18,Matt Clark,37,3,2,Kevin Painter,18,Matt Clark,37
World Championship,1154,2009,Last 64,Co Stompe,179,Andy Jenkins,13,3,1,Co Stompe,179,Andy Jenkins,13
World Championship,1154,2009,Last 64,Bill Davis,1391,John Part,10,3,0,Bill Davis,1391,John Part,10
World Championship,1154,2009,Last 64,Robert Thornton,1543,Wayne Jones,25,3,1,Robert Thornton,1543,Wayne Jones,25
World Championship,1154,2009,Last 64,Carlos Rodriguez,1561,Roland Scholten,6,3,2,Carlos Rodriguez,1561,Roland Scholten,6
World Championship,1154,2009,Last 32,Vincent van der Voort,1499,Colin Osborne,27,4,1,Vincent van der Voort,1499,Colin Osborne,27
World Championship,1154,2009,Last 32,James Wade,11,Tony Eccles,178,4,1,James Wade,11,Tony Eccles,178
World Championship,1154,2009,Last 32,Dennis Priestley,8,John Magowan,38,4,1,Dennis Priestley,8,John Magowan,38
World Championship,1154,2009,Last 32,Paul Nicholson,5212,Adrian Lewis,5,4,3,Paul Nicholson,5212,Adrian Lewis,5
World Championship,1154,2009,Last 32,Jelle Klaasen,1511,Jan van der Rassel,53,4,0,Jelle Klaasen,1511,Jan van der Rassel,53
World Championship,1154,2009,Last 32,Andy Hamilton,12,Tony Ayres,5326,4,2,Andy Hamilton,12,Tony Ayres,5326
World Championship,1154,2009,Last 32,Raymond van Barneveld,2,Wes Newton,24,4,1,Raymond van Barneveld,2,Wes Newton,24
World Championship,1154,2009,Last 32,Mervyn King,168,Mark Walsh,15,4,2,Mervyn King,168,Mark Walsh,15
World Championship,1154,2009,Last 32,Ronnie Baxter,14,Denis Ovens,19,4,1,Ronnie Baxter,14,Denis Ovens,19
World Championship,1154,2009,Last 32,Barrie Bates,16,Bill Davis,1391,4,2,Barrie Bates,16,Bill Davis,1391
World Championship,1154,2009,Last 32,Mark Dudbridge,20,Mensur Suljovic,1933,4,0,Mark Dudbridge,20,Mensur Suljovic,1933
World Championship,1154,2009,Last 32,Wayne Mardle,9,Robert Thornton,1543,4,3,Wayne Mardle,9,Robert Thornton,1543
World Championship,1154,2009,Last 32,Phil Taylor,1,Michael van Gerwen,1395,4,0,Phil Taylor,1,Michael van Gerwen,1395
World Championship,1154,2009,Last 32,Dennis Smith,31,Kevin McDine,1525,4,3,Dennis Smith,31,Kevin McDine,1525
World Championship,1154,2009,Last 32,Co Stompe,179,Alan Tabern,23,4,1,Co Stompe,179,Alan Tabern,23
World Championship,1154,2009,Last 32,Kevin Painter,18,Carlos Rodriguez,1561,4,1,Kevin Painter,18,Carlos Rodriguez,1561
World Championship,1154,2009,Last 16,James Wade,11,Vincent van der Voort,1499,4,0,James Wade,11,Vincent van der Voort,1499
World Championship,1154,2009,Last 16,Paul Nicholson,5212,Dennis Priestley,8,4,2,Paul Nicholson,5212,Dennis Priestley,8
World Championship,1154,2009,Last 16,Jelle Klaasen,1511,Andy Hamilton,12,4,1,Jelle Klaasen,1511,Andy Hamilton,12
World Championship,1154,2009,Last 16,Raymond van Barneveld,2,Ronnie Baxter,14,4,3,Raymond van Barneveld,2,Ronnie Baxter,14
World Championship,1154,2009,Last 16,Mervyn King,168,Dennis Smith,31,4,1,Mervyn King,168,Dennis Smith,31
World Championship,1154,2009,Last 16,Co Stompe,179,Wayne Mardle,9,4,0,Co Stompe,179,Wayne Mardle,9
World Championship,1154,2009,Last 16,Barrie Bates,16,Mark Dudbridge,20,4,0,Barrie Bates,16,Mark Dudbridge,20
World Championship,1154,2009,Last 16,Phil Taylor,1,Kevin Painter,18,4,1,Phil Taylor,1,Kevin Painter,18
World Championship,1154,2009,Quarter Final,James Wade,11,Paul Nicholson,5212,5,3,James Wade,11,Paul Nicholson,5212
World Championship,1154,2009,Quarter Final,Raymond van Barneveld,2,Jelle Klaasen,1511,5,1,Raymond van Barneveld,2,Jelle Klaasen,1511
World Championship,1154,2009,Quarter Final,Mervyn King,168,Barrie Bates,16,5,2,Mervyn King,168,Barrie Bates,16
World Championship,1154,2009,Quarter Final,Phil Taylor,1,Co Stompe,179,5,0,Phil Taylor,1,Co Stompe,179
World Championship,1154,2009,Semi Final,Raymond van Barneveld,2,James Wade,11,6,4,Raymond van Barneveld,2,James Wade,11
World Championship,1154,2009,Semi Final,Phil Taylor,1,Mervyn King,168,6,2,Phil Taylor,1,Mervyn King,168
World Championship,1154,2009,Final,Phil Taylor,1,Raymond van Barneveld,2,7,1,Phil Taylor,1,Raymond van Barneveld,2
World Championship,1155,2010,Last 72,Magnus Caris,1868,Francisco Ruiz,3054,4,0,Magnus Caris,1868,Francisco Ruiz,3054
World Championship,1155,2010,Last 72,Jan van der Rassel,53,Tomas Seyler,1378,4,1,Jan van der Rassel,53,Tomas Seyler,1378
World Championship,1155,2010,Last 72,Haruki Muramatsu,9165,Krzysztof Kciuk,8447,4,1,Haruki Muramatsu,9165,Krzysztof Kciuk,8447
World Championship,1155,2010,Last 72,Osmann Kijamet,9219,Phillip Hazel,4679,4,2,Osmann Kijamet,9219,Phillip Hazel,4679
World Championship,1155,2010,Last 72,Ken MacNeil,2162,Norman Madhoo,1760,4,2,Ken MacNeil,2162,Norman Madhoo,1760
World Championship,1155,2010,Last 72,Aodhagen O Neill,2412,Les Francis,4372,4,2,Aodhagen O Neill,2412,Les Francis,4372
World Championship,1155,2010,Last 72,Jarkko Komula,94,Roman Konchikov,4327,4,3,Jarkko Komula,94,Roman Konchikov,4327
World Championship,1155,2010,Last 72,Christian Perez,9234,Per Laursen,1396,4,3,Christian Perez,9234,Per Laursen,1396
World Championship,1155,2010,3rd Place Match,Mark Webster,191,Raymond van Barneveld,2,10,8,Mark Webster,191,Raymond van Barneveld,2
World Championship,1155,2010,Last 64,Colin Lloyd,3,Magnus Caris,1868,3,1,Colin Lloyd,3,Magnus Caris,1868
World Championship,1155,2010,Last 64,James Wade,11,Steve Brown,3624,3,1,James Wade,11,Steve Brown,3624
World Championship,1155,2010,Last 64,Wayne Jones,25,Alex Roy,22,3,1,Wayne Jones,25,Alex Roy,22
World Championship,1155,2010,Last 64,Michael van Gerwen,1395,Peter Wright,1463,3,1,Michael van Gerwen,1395,Peter Wright,1463
World Championship,1155,2010,Last 64,Denis Ovens,19,Jan van der Rassel,53,3,1,Denis Ovens,19,Jan van der Rassel,53
World Championship,1155,2010,Last 64,Simon Whitlock,1500,Colin Osborne,27,3,1,Simon Whitlock,1500,Colin Osborne,27
World Championship,1155,2010,Last 64,Darin Young,1380,Andy Smith,21,3,2,Darin Young,1380,Andy Smith,21
World Championship,1155,2010,Last 64,Steve Beaton,33,Carlos Rodriguez,1561,3,0,Steve Beaton,33,Carlos Rodriguez,1561
World Championship,1155,2010,Last 64,Terry Jenkins,7,Paul Nicholson,5212,3,2,Terry Jenkins,7,Paul Nicholson,5212
World Championship,1155,2010,Last 64,Ronnie Baxter,14,Haruki Muramatsu,9165,3,0,Ronnie Baxter,14,Haruki Muramatsu,9165
World Championship,1155,2010,Last 64,Vincent van der Voort,1499,Dylan Duo,3047,3,0,Vincent van der Voort,1499,Dylan Duo,3047
World Championship,1155,2010,Last 64,John Part,10,Toon Greebe,1617,3,0,John Part,10,Toon Greebe,1617
World Championship,1155,2010,Last 64,Andy Hamilton,12,Osmann Kijamet,9219,3,0,Andy Hamilton,12,Osmann Kijamet,9219
World Championship,1155,2010,Last 64,Gary Anderson,181,Jamie Caven,1662,3,2,Gary Anderson,181,Jamie Caven,1662
World Championship,1155,2010,Last 64,Kevin Painter,18,Mensur Suljovic,1933,3,1,Kevin Painter,18,Mensur Suljovic,1933
World Championship,1155,2010,Last 64,Raymond van Barneveld,2,Warren Parry,1412,3,0,Raymond van Barneveld,2,Warren Parry,1412
World Championship,1155,2010,Last 64,Alan Tabern,23,Ken MacNeil,2162,3,2,Alan Tabern,23,Ken MacNeil,2162
World Championship,1155,2010,Last 64,Brendan Dolan,1607,Tony Eccles,178,3,1,Brendan Dolan,1607,Tony Eccles,178
World Championship,1155,2010,Last 64,Mark Dudbridge,20,Andree Welge,1428,3,0,Mark Dudbridge,20,Andree Welge,1428
World Championship,1155,2010,Last 64,Mark Webster,191,Mark Walsh,15,3,2,Mark Webster,191,Mark Walsh,15
World Championship,1155,2010,Last 64,Peter Manley,4,Andy Jenkins,13,3,2,Peter Manley,4,Andy Jenkins,13
World Championship,1155,2010,Last 64,Adrian Lewis,5,Aodhagen O Neill,2412,3,0,Adrian Lewis,5,Aodhagen O Neill,2412
World Championship,1155,2010,Last 64,Mervyn King,168,Matt Clark,37,3,0,Mervyn King,168,Matt Clark,37
World Championship,1155,2010,Last 64,Barrie Bates,16,Jelle Klaasen,1511,3,1,Barrie Bates,16,Jelle Klaasen,1511
World Championship,1155,2010,Last 64,Kirk Shepherd,1492,Scotty Burnett,4229,3,0,Kirk Shepherd,1492,Scotty Burnett,4229
World Championship,1155,2010,Last 64,Wes Newton,24,Jarkko Komula,94,3,0,Wes Newton,24,Jarkko Komula,94
World Championship,1155,2010,Last 64,Co Stompe,179,Steve Maish,35,3,1,Co Stompe,179,Steve Maish,35
World Championship,1155,2010,Last 64,Steve Hine,43,Roland Scholten,6,3,2,Steve Hine,43,Roland Scholten,6
World Championship,1155,2010,Last 64,Robert Thornton,1543,Christian Perez,9234,3,1,Robert Thornton,1543,Christian Perez,9234
World Championship,1155,2010,Last 64,Phil Taylor,1,Colin Monk,39,3,0,Phil Taylor,1,Colin Monk,39
World Championship,1155,2010,Last 64,Kevin McDine,1525,Dennis Priestley,8,3,2,Kevin McDine,1525,Dennis Priestley,8
World Championship,1155,2010,Last 64,Jyhan Artut,1939,Wayne Mardle,9,3,0,Jyhan Artut,1939,Wayne Mardle,9
World Championship,1155,2010,Last 32,Simon Whitlock,1500,Wayne Jones,25,4,0,Simon Whitlock,1500,Wayne Jones,25
World Championship,1155,2010,Last 32,Terry Jenkins,7,Darin Young,1380,4,0,Terry Jenkins,7,Darin Young,1380
World Championship,1155,2010,Last 32,Andy Hamilton,12,Steve Beaton,33,4,1,Andy Hamilton,12,Steve Beaton,33
World Championship,1155,2010,Last 32,James Wade,11,Michael van Gerwen,1395,4,2,James Wade,11,Michael van Gerwen,1395
World Championship,1155,2010,Last 32,Ronnie Baxter,14,Gary Anderson,181,4,0,Ronnie Baxter,14,Gary Anderson,181
World Championship,1155,2010,Last 32,Raymond van Barneveld,2,Brendan Dolan,1607,4,0,Raymond van Barneveld,2,Brendan Dolan,1607
World Championship,1155,2010,Last 32,Mark Webster,191,Peter Manley,4,4,2,Mark Webster,191,Peter Manley,4
World Championship,1155,2010,Last 32,Kevin Painter,18,Vincent van der Voort,1499,4,3,Kevin Painter,18,Vincent van der Voort,1499
World Championship,1155,2010,Last 32,Colin Lloyd,3,Denis Ovens,19,4,3,Colin Lloyd,3,Denis Ovens,19
World Championship,1155,2010,Last 32,Kirk Shepherd,1492,John Part,10,4,1,Kirk Shepherd,1492,John Part,10
World Championship,1155,2010,Last 32,Mark Dudbridge,20,Alan Tabern,23,4,3,Mark Dudbridge,20,Alan Tabern,23
World Championship,1155,2010,Last 32,Co Stompe,179,Mervyn King,168,4,2,Co Stompe,179,Mervyn King,168
World Championship,1155,2010,Last 32,Kevin McDine,1525,Barrie Bates,16,4,0,Kevin McDine,1525,Barrie Bates,16
World Championship,1155,2010,Last 32,Adrian Lewis,5,Wes Newton,24,4,2,Adrian Lewis,5,Wes Newton,24
World Championship,1155,2010,Last 32,Robert Thornton,1543,Jyhan Artut,1939,4,1,Robert Thornton,1543,Jyhan Artut,1939
World Championship,1155,2010,Last 32,Phil Taylor,1,Steve Hine,43,4,0,Phil Taylor,1,Steve Hine,43
World Championship,1155,2010,Last 16,James Wade,11,Andy Hamilton,12,4,3,James Wade,11,Andy Hamilton,12
World Championship,1155,2010,Last 16,Ronnie Baxter,14,Colin Lloyd,3,4,1,Ronnie Baxter,14,Colin Lloyd,3
World Championship,1155,2010,Last 16,Raymond van Barneveld,2,Kevin Painter,18,4,1,Raymond van Barneveld,2,Kevin Painter,18
World Championship,1155,2010,Last 16,Simon Whitlock,1500,Terry Jenkins,7,4,2,Simon Whitlock,1500,Terry Jenkins,7
World Championship,1155,2010,Last 16,Co Stompe,179,Mark Dudbridge,20,4,2,Co Stompe,179,Mark Dudbridge,20
World Championship,1155,2010,Last 16,Mark Webster,191,Kirk Shepherd,1492,4,1,Mark Webster,191,Kirk Shepherd,1492
World Championship,1155,2010,Last 16,Adrian Lewis,5,Kevin McDine,1525,4,0,Adrian Lewis,5,Kevin McDine,1525
World Championship,1155,2010,Last 16,Phil Taylor,1,Robert Thornton,1543,4,1,Phil Taylor,1,Robert Thornton,1543
World Championship,1155,2010,Quarter Final,Simon Whitlock,1500,James Wade,11,5,3,Simon Whitlock,1500,James Wade,11
World Championship,1155,2010,Quarter Final,Raymond van Barneveld,2,Ronnie Baxter,14,5,0,Raymond van Barneveld,2,Ronnie Baxter,14
World Championship,1155,2010,Quarter Final,Phil Taylor,1,Adrian Lewis,5,5,0,Phil Taylor,1,Adrian Lewis,5
World Championship,1155,2010,Quarter Final,Mark Webster,191,Co Stompe,179,5,3,Mark Webster,191,Co Stompe,179
World Championship,1155,2010,Semi Final,Phil Taylor,1,Mark Webster,191,6,0,Phil Taylor,1,Mark Webster,191
World Championship,1155,2010,Semi Final,Simon Whitlock,1500,Raymond van Barneveld,2,6,5,Simon Whitlock,1500,Raymond van Barneveld,2
World Championship,1155,2010,Final,Phil Taylor,1,Simon Whitlock,1500,7,3,Phil Taylor,1,Simon Whitlock,1500
World Championship,2334,2011,Last 72,Magnus Caris,1868,Dietmar Burger,1943,4,3,Magnus Caris,1868,Dietmar Burger,1943
World Championship,2334,2011,Last 72,Devon Petersen,9003,Norman Madhoo,1760,4,3,Devon Petersen,9003,Norman Madhoo,1760
World Championship,2334,2011,Last 72,Preston Ridd,3634,Mickey Mansell,4083,4,0,Preston Ridd,3634,Mickey Mansell,4083
World Championship,2334,2011,Last 72,Jyhan Artut,1939,Scott MacKenzie,4792,4,3,Jyhan Artut,1939,Scott MacKenzie,4792
World Championship,2334,2011,Last 72,Per Laursen,1396,Boris Krcmar,6571,4,2,Per Laursen,1396,Boris Krcmar,6571
World Championship,2334,2011,Last 72,Morihiro Hashimoto,8332,Matt Padgett,7130,4,2,Morihiro Hashimoto,8332,Matt Padgett,7130
World Championship,2334,2011,Last 72,Roland Scholten,6,Veijo Viinikka,2155,4,2,Roland Scholten,6,Veijo Viinikka,2155
World Championship,2334,2011,Last 72,Gary Mawson,1584,Juanito Gionzon,9430,4,1,Gary Mawson,1584,Juanito Gionzon,9430
World Championship,2334,2011,Last 64,Mervyn King,168,Magnus Caris,1868,3,0,Mervyn King,168,Magnus Caris,1868
World Championship,2334,2011,Last 64,Dennis Priestley,8,Bernd Roith,6081,3,0,Dennis Priestley,8,Bernd Roith,6081
World Championship,2334,2011,Last 64,Andy Smith,21,Shane Tichowitsch,1620,3,1,Andy Smith,21,Shane Tichowitsch,1620
World Championship,2334,2011,Last 64,Mark Walsh,15,Justin Pipe,6494,3,1,Mark Walsh,15,Justin Pipe,6494
World Championship,2334,2011,Last 64,Jamie Caven,1662,Devon Petersen,9003,3,1,Jamie Caven,1662,Devon Petersen,9003
World Championship,2334,2011,Last 64,Colin Osborne,27,Chris Thompson,2288,3,1,Colin Osborne,27,Chris Thompson,2288
World Championship,2334,2011,Last 64,Kevin McDine,1525,Barrie Bates,16,3,1,Kevin McDine,1525,Barrie Bates,16
World Championship,2334,2011,Last 64,Raymond van Barneveld,2,Steve Hine,43,3,1,Raymond van Barneveld,2,Steve Hine,43
World Championship,2334,2011,Last 64,Steve Brown,3624,Jelle Klaasen,1511,3,1,Steve Brown,3624,Jelle Klaasen,1511
World Championship,2334,2011,Last 64,Vincent van der Voort,1499,Preston Ridd,3634,3,0,Vincent van der Voort,1499,Preston Ridd,3634
World Championship,2334,2011,Last 64,Terry Jenkins,7,Joe Cullen,6487,3,2,Terry Jenkins,7,Joe Cullen,6487
World Championship,2334,2011,Last 64,Mensur Suljovic,1933,Michael van Gerwen,1395,3,1,Mensur Suljovic,1933,Michael van Gerwen,1395
World Championship,2334,2011,Last 64,Denis Ovens,19,Jyhan Artut,1939,3,1,Denis Ovens,19,Jyhan Artut,1939
World Championship,2334,2011,Last 64,Alan Tabern,23,Richie Burnett,51,3,2,Alan Tabern,23,Richie Burnett,51
World Championship,2334,2011,Last 64,Brendan Dolan,1607,Kevin Painter,18,3,0,Brendan Dolan,1607,Kevin Painter,18
World Championship,2334,2011,Last 64,James Wade,11,Toni Alcinas,4072,3,0,James Wade,11,Toni Alcinas,4072
World Championship,2334,2011,Last 64,Per Laursen,1396,John Part,10,3,0,Per Laursen,1396,John Part,10
World Championship,2334,2011,Last 64,Wes Newton,24,Darin Young,1380,3,0,Wes Newton,24,Darin Young,1380
World Championship,2334,2011,Last 64,Robert Thornton,1543,Nigel Heydon,3895,3,1,Robert Thornton,1543,Nigel Heydon,3895
World Championship,2334,2011,Last 64,Wayne Jones,25,Kirk Shepherd,1492,3,1,Wayne Jones,25,Kirk Shepherd,1492
World Championship,2334,2011,Last 64,Gary Anderson,181,Morihiro Hashimoto,8332,3,0,Gary Anderson,181,Morihiro Hashimoto,8332
World Championship,2334,2011,Last 64,Mark Dudbridge,20,Alex Roy,22,3,1,Mark Dudbridge,20,Alex Roy,22
World Championship,2334,2011,Last 64,Simon Whitlock,1500,Steve Evans,1454,3,0,Simon Whitlock,1500,Steve Evans,1454
World Championship,2334,2011,Last 64,Andy Hamilton,12,Dennis Smith,31,3,0,Andy Hamilton,12,Dennis Smith,31
World Championship,2334,2011,Last 64,Ronnie Baxter,14,Roland Scholten,6,3,0,Ronnie Baxter,14,Roland Scholten,6
World Championship,2334,2011,Last 64,Adrian Lewis,5,Tony Eccles,178,3,0,Adrian Lewis,5,Tony Eccles,178
World Championship,2334,2011,Last 64,Colin Lloyd,3,Andree Welge,1428,3,2,Colin Lloyd,3,Andree Welge,1428
World Championship,2334,2011,Last 64,Peter Wright,1463,Co Stompe,179,3,1,Peter Wright,1463,Co Stompe,179
World Championship,2334,2011,Last 64,Phil Taylor,1,Gary Mawson,1584,3,0,Phil Taylor,1,Gary Mawson,1584
World Championship,2334,2011,Last 64,Mark Hylton,3897,Steve Beaton,33,3,2,Mark Hylton,3897,Steve Beaton,33
World Championship,2334,2011,Last 64,Mark Webster,191,Steve Maish,35,3,0,Mark Webster,191,Steve Maish,35
World Championship,2334,2011,Last 64,Paul Nicholson,5212,Steve Farmer,96,3,0,Paul Nicholson,5212,Steve Farmer,96
World Championship,2334,2011,Last 32,Gary Anderson,181,Dennis Priestley,8,4,2,Gary Anderson,181,Dennis Priestley,8
World Championship,2334,2011,Last 32,Andy Smith,21,Mervyn King,168,4,3,Andy Smith,21,Mervyn King,168
World Championship,2334,2011,Last 32,Colin Osborne,27,Jamie Caven,1662,4,0,Colin Osborne,27,Jamie Caven,1662
World Championship,2334,2011,Last 32,Raymond van Barneveld,2,Kevin McDine,1525,4,1,Raymond van Barneveld,2,Kevin McDine,1525
World Championship,2334,2011,Last 32,Wes Newton,24,Brendan Dolan,1607,4,0,Wes Newton,24,Brendan Dolan,1607
World Championship,2334,2011,Last 32,Mensur Suljovic,1933,James Wade,11,4,2,Mensur Suljovic,1933,James Wade,11
World Championship,2334,2011,Last 32,Simon Whitlock,1500,Denis Ovens,19,4,0,Simon Whitlock,1500,Denis Ovens,19
World Championship,2334,2011,Last 32,Mark Walsh,15,Alan Tabern,23,4,3,Mark Walsh,15,Alan Tabern,23
World Championship,2334,2011,Last 32,Terry Jenkins,7,Steve Brown,3624,4,1,Terry Jenkins,7,Steve Brown,3624
World Championship,2334,2011,Last 32,Vincent van der Voort,1499,Wayne Jones,25,4,2,Vincent van der Voort,1499,Wayne Jones,25
World Championship,2334,2011,Last 32,Robert Thornton,1543,Andy Hamilton,12,4,0,Robert Thornton,1543,Andy Hamilton,12
World Championship,2334,2011,Last 32,Adrian Lewis,5,Mark Dudbridge,20,4,1,Adrian Lewis,5,Mark Dudbridge,20
World Championship,2334,2011,Last 32,Mark Hylton,3897,Colin Lloyd,3,4,2,Mark Hylton,3897,Colin Lloyd,3
World Championship,2334,2011,Last 32,Mark Webster,191,Ronnie Baxter,14,4,0,Mark Webster,191,Ronnie Baxter,14
World Championship,2334,2011,Last 32,Peter Wright,1463,Paul Nicholson,5212,4,2,Peter Wright,1463,Paul Nicholson,5212
World Championship,2334,2011,Last 32,Phil Taylor,1,Per Laursen,1396,4,0,Phil Taylor,1,Per Laursen,1396
World Championship,2334,2011,Last 16,Wes Newton,24,Mensur Suljovic,1933,4,0,Wes Newton,24,Mensur Suljovic,1933
World Championship,2334,2011,Last 16,Raymond van Barneveld,2,Colin Osborne,27,4,3,Raymond van Barneveld,2,Colin Osborne,27
World Championship,2334,2011,Last 16,Vincent van der Voort,1499,Simon Whitlock,1500,4,2,Vincent van der Voort,1499,Simon Whitlock,1500
World Championship,2334,2011,Last 16,Gary Anderson,181,Andy Smith,21,4,0,Gary Anderson,181,Andy Smith,21
World Championship,2334,2011,Last 16,Terry Jenkins,7,Mark Walsh,15,4,0,Terry Jenkins,7,Mark Walsh,15
World Championship,2334,2011,Last 16,Adrian Lewis,5,Robert Thornton,1543,4,1,Adrian Lewis,5,Robert Thornton,1543
World Championship,2334,2011,Last 16,Mark Webster,191,Mark Hylton,3897,4,1,Mark Webster,191,Mark Hylton,3897
World Championship,2334,2011,Last 16,Phil Taylor,1,Peter Wright,1463,4,1,Phil Taylor,1,Peter Wright,1463
World Championship,2334,2011,Quarter Final,Gary Anderson,181,Raymond van Barneveld,2,5,1,Gary Anderson,181,Raymond van Barneveld,2
World Championship,2334,2011,Quarter Final,Terry Jenkins,7,Wes Newton,24,5,4,Terry Jenkins,7,Wes Newton,24
World Championship,2334,2011,Quarter Final,Adrian Lewis,5,Vincent van der Voort,1499,5,2,Adrian Lewis,5,Vincent van der Voort,1499
World Championship,2334,2011,Quarter Final,Mark Webster,191,Phil Taylor,1,5,2,Mark Webster,191,Phil Taylor,1
World Championship,2334,2011,Semi Final,Gary Anderson,181,Terry Jenkins,7,6,2,Gary Anderson,181,Terry Jenkins,7
World Championship,2334,2011,Semi Final,Adrian Lewis,5,Mark Webster,191,6,4,Adrian Lewis,5,Mark Webster,191
World Championship,2334,2011,Final,Adrian Lewis,5,Gary Anderson,181,7,5,Adrian Lewis,5,Gary Anderson,181
World Championship,3069,2012,Last 72,Devon Petersen,9003,Jose de Sousa,12892,4,3,Devon Petersen,9003,Jose de Sousa,12892
World Championship,3069,2012,Last 72,Joe Cullen,6487,Oliver Ferenc,10173,4,2,Joe Cullen,6487,Oliver Ferenc,10173
World Championship,3069,2012,Last 72,Petri Korte,6075,Per Laursen,1396,4,3,Petri Korte,6075,Per Laursen,1396
World Championship,3069,2012,Last 72,Warren French,1421,Connie Finnan,4059,4,3,Warren French,1421,Connie Finnan,4059
World Championship,3069,2012,Last 72,Kevin Munch,1940,Lee Choon Peng,4592,4,2,Kevin Munch,1940,Lee Choon Peng,4592
World Championship,3069,2012,Last 72,Christian Perez,9234,Dietmar Burger,1943,4,0,Christian Perez,9234,Dietmar Burger,1943
World Championship,3069,2012,Last 72,Haruki Muramatsu,9165,Dennis Nilsson,2494,4,2,Haruki Muramatsu,9165,Dennis Nilsson,2494
World Championship,3069,2012,Last 72,Scott MacKenzie,4792,Paul Barham,9749,4,2,Scott MacKenzie,4792,Paul Barham,9749
World Championship,3069,2012,Last 64,John Part,10,John Henderson,1936,3,0,John Part,10,John Henderson,1936
World Championship,3069,2012,Last 64,Scott Rand,9721,Andy Smith,21,3,0,Scott Rand,9721,Andy Smith,21
World Championship,3069,2012,Last 64,Devon Petersen,9003,Steve Brown,3624,3,2,Devon Petersen,9003,Steve Brown,3624
World Championship,3069,2012,Last 64,Simon Whitlock,1500,Dennis Smith,31,3,0,Simon Whitlock,1500,Dennis Smith,31
World Championship,3069,2012,Last 64,Terry Jenkins,7,Joe Cullen,6487,3,0,Terry Jenkins,7,Joe Cullen,6487
World Championship,3069,2012,Last 64,Colin Lloyd,3,Darin Young,1380,3,1,Colin Lloyd,3,Darin Young,1380
World Championship,3069,2012,Last 64,Gary Anderson,181,Jyhan Artut,1939,3,2,Gary Anderson,181,Jyhan Artut,1939
World Championship,3069,2012,Last 64,Michael van Gerwen,1395,Colin Osborne,27,3,1,Michael van Gerwen,1395,Colin Osborne,27
World Championship,3069,2012,Last 64,James Wade,11,Petri Korte,6075,3,1,James Wade,11,Petri Korte,6075
World Championship,3069,2012,Last 64,Kevin Painter,18,Arron Monk,791,3,1,Kevin Painter,18,Arron Monk,791
World Championship,3069,2012,Last 64,Mervyn King,168,Geoff Kime,4860,3,0,Mervyn King,168,Geoff Kime,4860
World Championship,3069,2012,Last 64,Andy Hamilton,12,Toni Alcinas,4072,3,2,Andy Hamilton,12,Toni Alcinas,4072
World Championship,3069,2012,Last 64,James Richardson,7116,Raymond van Barneveld,2,3,0,James Richardson,7116,Raymond van Barneveld,2
World Championship,3069,2012,Last 64,Mark Walsh,15,Warren French,1421,3,1,Mark Walsh,15,Warren French,1421
World Championship,3069,2012,Last 64,Kim Huybrechts,1633,Brendan Dolan,1607,3,0,Kim Huybrechts,1633,Brendan Dolan,1607
World Championship,3069,2012,Last 64,Dave Chisnall,4101,Mark Dudbridge,20,3,0,Dave Chisnall,4101,Mark Dudbridge,20
World Championship,3069,2012,Last 64,Kevin Munch,1940,Denis Ovens,19,1,0,Kevin Munch,1940,Denis Ovens,19
World Championship,3069,2012,Last 64,Steve Beaton,33,Magnus Caris,1868,3,2,Steve Beaton,33,Magnus Caris,1868
World Championship,3069,2012,Last 64,Paul Nicholson,5212,Mensur Suljovic,1933,3,1,Paul Nicholson,5212,Mensur Suljovic,1933
World Championship,3069,2012,Last 64,Vincent van der Voort,1499,Mark Hylton,3897,3,2,Vincent van der Voort,1499,Mark Hylton,3897
World Championship,3069,2012,Last 64,Steve Farmer,96,Ronnie Baxter,14,3,2,Steve Farmer,96,Ronnie Baxter,14
World Championship,3069,2012,Last 64,Jelle Klaasen,1511,Peter Wright,1463,3,1,Jelle Klaasen,1511,Peter Wright,1463
World Championship,3069,2012,Last 64,Robert Thornton,1543,Ian White,2213,3,1,Robert Thornton,1543,Ian White,2213
World Championship,3069,2012,Last 64,Alan Tabern,23,Christian Perez,9234,3,1,Alan Tabern,23,Christian Perez,9234
World Championship,3069,2012,Last 64,Phil Taylor,1,Haruki Muramatsu,9165,3,0,Phil Taylor,1,Haruki Muramatsu,9165
World Championship,3069,2012,Last 64,Co Stompe,179,Michael Smith,6025,3,0,Co Stompe,179,Michael Smith,6025
World Championship,3069,2012,Last 64,Justin Pipe,6494,Sean Reed,7764,3,1,Justin Pipe,6494,Sean Reed,7764
World Championship,3069,2012,Last 64,Wes Newton,24,Kurt van de Rijck,3252,3,0,Wes Newton,24,Kurt van de Rijck,3252
World Championship,3069,2012,Last 64,Wayne Jones,25,Scott MacKenzie,4792,3,1,Wayne Jones,25,Scott MacKenzie,4792
World Championship,3069,2012,Last 64,Richie Burnett,51,Mark Webster,191,3,2,Richie Burnett,51,Mark Webster,191
World Championship,3069,2012,Last 64,Roland Scholten,6,Jamie Caven,1662,3,1,Roland Scholten,6,Jamie Caven,1662
World Championship,3069,2012,Last 64,Adrian Lewis,5,Nigel Heydon,3895,3,2,Adrian Lewis,5,Nigel Heydon,3895
World Championship,3069,2012,Last 32,Gary Anderson,181,Devon Petersen,9003,4,2,Gary Anderson,181,Devon Petersen,9003
World Championship,3069,2012,Last 32,Michael van Gerwen,1395,Mervyn King,168,4,1,Michael van Gerwen,1395,Mervyn King,168
World Championship,3069,2012,Last 32,Colin Lloyd,3,Scott Rand,9721,4,1,Colin Lloyd,3,Scott Rand,9721
World Championship,3069,2012,Last 32,Simon Whitlock,1500,Steve Beaton,33,4,1,Simon Whitlock,1500,Steve Beaton,33
World Championship,3069,2012,Last 32,Dave Chisnall,4101,Phil Taylor,1,4,1,Dave Chisnall,4101,Phil Taylor,1
World Championship,3069,2012,Last 32,John Part,10,Richie Burnett,51,4,1,John Part,10,Richie Burnett,51
World Championship,3069,2012,Last 32,Terry Jenkins,7,Co Stompe,179,4,1,Terry Jenkins,7,Co Stompe,179
World Championship,3069,2012,Last 32,Paul Nicholson,5212,Alan Tabern,23,4,0,Paul Nicholson,5212,Alan Tabern,23
World Championship,3069,2012,Last 32,Kim Huybrechts,1633,James Richardson,7116,4,1,Kim Huybrechts,1633,James Richardson,7116
World Championship,3069,2012,Last 32,Andy Hamilton,12,Vincent van der Voort,1499,4,3,Andy Hamilton,12,Vincent van der Voort,1499
World Championship,3069,2012,Last 32,Steve Farmer,96,Kevin Munch,1940,4,2,Steve Farmer,96,Kevin Munch,1940
World Championship,3069,2012,Last 32,James Wade,11,Jelle Klaasen,1511,4,0,James Wade,11,Jelle Klaasen,1511
World Championship,3069,2012,Last 32,Kevin Painter,18,Mark Walsh,15,4,3,Kevin Painter,18,Mark Walsh,15
World Championship,3069,2012,Last 32,Justin Pipe,6494,Wes Newton,24,4,3,Justin Pipe,6494,Wes Newton,24
World Championship,3069,2012,Last 32,Wayne Jones,25,Roland Scholten,6,4,0,Wayne Jones,25,Roland Scholten,6
World Championship,3069,2012,Last 32,Adrian Lewis,5,Robert Thornton,1543,4,2,Adrian Lewis,5,Robert Thornton,1543
World Championship,3069,2012,Last 16,Gary Anderson,181,Colin Lloyd,3,4,1,Gary Anderson,181,Colin Lloyd,3
World Championship,3069,2012,Last 16,Simon Whitlock,1500,Michael van Gerwen,1395,4,3,Simon Whitlock,1500,Michael van Gerwen,1395
World Championship,3069,2012,Last 16,Andy Hamilton,12,Dave Chisnall,4101,4,0,Andy Hamilton,12,Dave Chisnall,4101
World Championship,3069,2012,Last 16,James Wade,11,Steve Farmer,96,4,0,James Wade,11,Steve Farmer,96
World Championship,3069,2012,Last 16,Kim Huybrechts,1633,Paul Nicholson,5212,4,1,Kim Huybrechts,1633,Paul Nicholson,5212
World Championship,3069,2012,Last 16,John Part,10,Kevin Painter,18,4,2,John Part,10,Kevin Painter,18
World Championship,3069,2012,Last 16,Terry Jenkins,7,Justin Pipe,6494,4,1,Terry Jenkins,7,Justin Pipe,6494
World Championship,3069,2012,Last 16,Adrian Lewis,5,Wayne Jones,25,4,0,Adrian Lewis,5,Wayne Jones,25
World Championship,3069,2012,Quarter Final,Simon Whitlock,1500,Gary Anderson,181,5,1,Simon Whitlock,1500,Gary Anderson,181
World Championship,3069,2012,Quarter Final,James Wade,11,John Part,10,5,4,James Wade,11,John Part,10
World Championship,3069,2012,Quarter Final,Adrian Lewis,5,Terry Jenkins,7,5,3,Adrian Lewis,5,Terry Jenkins,7
World Championship,3069,2012,Quarter Final,Andy Hamilton,12,Kim Huybrechts,1633,5,2,Andy Hamilton,12,Kim Huybrechts,1633
World Championship,3069,2012,Semi Final,Adrian Lewis,5,James Wade,11,6,5,Adrian Lewis,5,James Wade,11
World Championship,3069,2012,Semi Final,Andy Hamilton,12,Simon Whitlock,1500,6,5,Andy Hamilton,12,Simon Whitlock,1500
World Championship,3069,2012,Final,Adrian Lewis,5,Andy Hamilton,12,7,3,Adrian Lewis,5,Andy Hamilton,12
World Championship,3831,2013,Last 72,Paul Lim,1566,Mohd Latif Sapup,8495,4,1,Paul Lim,1566,Mohd Latif Sapup,8495
World Championship,3831,2013,Last 72,Haruki Muramatsu,9165,Dave Harrington,5413,4,0,Haruki Muramatsu,9165,Dave Harrington,5413
World Championship,3831,2013,Last 72,Lourence Ilagan,2167,Jamie Lewis,3294,4,3,Lourence Ilagan,2167,Jamie Lewis,3294
World Championship,3831,2013,Last 72,John Bowles,9852,Carlos Rodriguez,1561,4,2,John Bowles,9852,Carlos Rodriguez,1561
World Championship,3831,2013,Last 72,Jani Haavisto,10796,Jarkko Komula,94,4,2,Jani Haavisto,10796,Jarkko Komula,94
World Championship,3831,2013,Last 72,Max Hopp,12671,Charl Pietersen,12646,4,1,Max Hopp,12671,Charl Pietersen,12646
World Championship,3831,2013,Last 72,Daryl Gurney,2479,Robert Marijanovic,11545,4,3,Daryl Gurney,2479,Robert Marijanovic,11545
World Championship,3831,2013,Last 72,Leung Chun Nam,13947,Andree Welge,1428,4,1,Leung Chun Nam,13947,Andree Welge,1428
World Championship,3831,2013,Last 64,Michael van Gerwen,1395,Paul Lim,1566,3,0,Michael van Gerwen,1395,Paul Lim,1566
World Championship,3831,2013,Last 64,Mark Walsh,15,Darren Webster,34,3,1,Mark Walsh,15,Darren Webster,34
World Championship,3831,2013,Last 64,Scott Rand,9721,Kim Huybrechts,1633,3,2,Scott Rand,9721,Kim Huybrechts,1633
World Championship,3831,2013,Last 64,Vincent van der Voort,1499,Stuart Kellett,2282,3,0,Vincent van der Voort,1499,Stuart Kellett,2282
World Championship,3831,2013,Last 64,Simon Whitlock,1500,Haruki Muramatsu,9165,3,0,Simon Whitlock,1500,Haruki Muramatsu,9165
World Championship,3831,2013,Last 64,Justin Pipe,6494,Andy Jenkins,13,3,0,Justin Pipe,6494,Andy Jenkins,13
World Championship,3831,2013,Last 64,Colin Lloyd,3,Darin Young,1380,3,2,Colin Lloyd,3,Darin Young,1380
World Championship,3831,2013,Last 64,Ronnie Baxter,14,Dennis Priestley,8,3,1,Ronnie Baxter,14,Dennis Priestley,8
World Championship,3831,2013,Last 64,Colin Osborne,27,Lourence Ilagan,2167,3,0,Colin Osborne,27,Lourence Ilagan,2167
World Championship,3831,2013,Last 64,Wes Newton,24,Johnny Haines,1726,3,0,Wes Newton,24,Johnny Haines,1726
World Championship,3831,2013,Last 64,Dean Winstanley,7471,Mervyn King,168,3,2,Dean Winstanley,7471,Mervyn King,168
World Championship,3831,2013,Last 64,Steve Beaton,33,Kyle Anderson,2172,3,0,Steve Beaton,33,Kyle Anderson,2172
World Championship,3831,2013,Last 64,John Bowles,9852,Jamie Caven,1662,3,2,John Bowles,9852,Jamie Caven,1662
World Championship,3831,2013,Last 64,James Wade,11,Peter Hudson,9139,3,0,James Wade,11,Peter Hudson,9139
World Championship,3831,2013,Last 64,Mark Webster,191,Ian White,2213,3,1,Mark Webster,191,Ian White,2213
World Championship,3831,2013,Last 64,Peter Wright,1463,Arron Monk,791,3,0,Peter Wright,1463,Arron Monk,791
World Championship,3831,2013,Last 64,Gary Anderson,181,Jani Haavisto,10796,3,1,Gary Anderson,181,Jani Haavisto,10796
World Championship,3831,2013,Last 64,Brendan Dolan,1607,Mark Jones,1768,3,0,Brendan Dolan,1607,Mark Jones,1768
World Championship,3831,2013,Last 64,Raymond van Barneveld,2,Michael Smith,6025,3,0,Raymond van Barneveld,2,Michael Smith,6025
World Championship,3831,2013,Last 64,Andy Hamilton,12,James Richardson,7116,3,1,Andy Hamilton,12,James Richardson,7116
World Championship,3831,2013,Last 64,Denis Ovens,19,Max Hopp,12671,3,2,Denis Ovens,19,Max Hopp,12671
World Championship,3831,2013,Last 64,Phil Taylor,1,Mickey Mansell,4083,3,0,Phil Taylor,1,Mickey Mansell,4083
World Championship,3831,2013,Last 64,Daryl Gurney,2479,Andy Smith,21,3,1,Daryl Gurney,2479,Andy Smith,21
World Championship,3831,2013,Last 64,Dave Chisnall,4101,Shane Tichowitsch,1620,3,0,Dave Chisnall,4101,Shane Tichowitsch,1620
World Championship,3831,2013,Last 64,John Part,10,Joe Cullen,6487,3,0,John Part,10,Joe Cullen,6487
World Championship,3831,2013,Last 64,Terry Jenkins,7,Steve Brown,3624,3,0,Terry Jenkins,7,Steve Brown,3624
World Championship,3831,2013,Last 64,Richie Burnett,51,James Hubbard,1371,3,2,Richie Burnett,51,James Hubbard,1371
World Championship,3831,2013,Last 64,Jerry Hendriks,1000,Wayne Jones,25,3,0,Jerry Hendriks,1000,Wayne Jones,25
World Championship,3831,2013,Last 64,Kevin Painter,18,Leung Chun Nam,13947,3,0,Kevin Painter,18,Leung Chun Nam,13947
World Championship,3831,2013,Last 64,Adrian Lewis,5,Gino Vos,7204,3,1,Adrian Lewis,5,Gino Vos,7204
World Championship,3831,2013,Last 64,Robert Thornton,1543,Magnus Caris,1868,3,0,Robert Thornton,1543,Magnus Caris,1868
World Championship,3831,2013,Last 64,Paul Nicholson,5212,Co Stompe,179,3,0,Paul Nicholson,5212,Co Stompe,179
World Championship,3831,2013,Last 32,Mark Walsh,15,Justin Pipe,6494,4,2,Mark Walsh,15,Justin Pipe,6494
World Championship,3831,2013,Last 32,Vincent van der Voort,1499,Dean Winstanley,7471,4,2,Vincent van der Voort,1499,Dean Winstanley,7471
World Championship,3831,2013,Last 32,James Wade,11,Steve Beaton,33,4,2,James Wade,11,Steve Beaton,33
World Championship,3831,2013,Last 32,Michael van Gerwen,1395,Peter Wright,1463,4,2,Michael van Gerwen,1395,Peter Wright,1463
World Championship,3831,2013,Last 32,Wes Newton,24,Scott Rand,9721,4,0,Wes Newton,24,Scott Rand,9721
World Championship,3831,2013,Last 32,Adrian Lewis,5,Denis Ovens,19,4,1,Adrian Lewis,5,Denis Ovens,19
World Championship,3831,2013,Last 32,Simon Whitlock,1500,Colin Osborne,27,4,0,Simon Whitlock,1500,Colin Osborne,27
World Championship,3831,2013,Last 32,Raymond van Barneveld,2,Brendan Dolan,1607,4,1,Raymond van Barneveld,2,Brendan Dolan,1607
World Championship,3831,2013,Last 32,Colin Lloyd,3,Mark Webster,191,4,2,Colin Lloyd,3,Mark Webster,191
World Championship,3831,2013,Last 32,Kevin Painter,18,Ronnie Baxter,14,4,3,Kevin Painter,18,Ronnie Baxter,14
World Championship,3831,2013,Last 32,Terry Jenkins,7,John Part,10,4,1,Terry Jenkins,7,John Part,10
World Championship,3831,2013,Last 32,Robert Thornton,1543,Paul Nicholson,5212,4,3,Robert Thornton,1543,Paul Nicholson,5212
World Championship,3831,2013,Last 32,Phil Taylor,1,Jerry Hendriks,1000,4,1,Phil Taylor,1,Jerry Hendriks,1000
World Championship,3831,2013,Last 32,Dave Chisnall,4101,Daryl Gurney,2479,4,1,Dave Chisnall,4101,Daryl Gurney,2479
World Championship,3831,2013,Last 32,Gary Anderson,181,John Bowles,9852,4,3,Gary Anderson,181,John Bowles,9852
World Championship,3831,2013,Last 32,Andy Hamilton,12,Richie Burnett,51,4,1,Andy Hamilton,12,Richie Burnett,51
World Championship,3831,2013,Last 16,Wes Newton,24,Mark Walsh,15,4,1,Wes Newton,24,Mark Walsh,15
World Championship,3831,2013,Last 16,James Wade,11,Vincent van der Voort,1499,4,0,James Wade,11,Vincent van der Voort,1499
World Championship,3831,2013,Last 16,Michael van Gerwen,1395,Colin Lloyd,3,4,1,Michael van Gerwen,1395,Colin Lloyd,3
World Championship,3831,2013,Last 16,Adrian Lewis,5,Kevin Painter,18,4,2,Adrian Lewis,5,Kevin Painter,18
World Championship,3831,2013,Last 16,Simon Whitlock,1500,Dave Chisnall,4101,4,3,Simon Whitlock,1500,Dave Chisnall,4101
World Championship,3831,2013,Last 16,Raymond van Barneveld,2,Gary Anderson,181,4,0,Raymond van Barneveld,2,Gary Anderson,181
World Championship,3831,2013,Last 16,Andy Hamilton,12,Terry Jenkins,7,4,1,Andy Hamilton,12,Terry Jenkins,7
World Championship,3831,2013,Last 16,Phil Taylor,1,Robert Thornton,1543,4,0,Phil Taylor,1,Robert Thornton,1543
World Championship,3831,2013,Quarter Final,James Wade,11,Wes Newton,24,5,4,James Wade,11,Wes Newton,24
World Championship,3831,2013,Quarter Final,Michael van Gerwen,1395,Adrian Lewis,5,5,4,Michael van Gerwen,1395,Adrian Lewis,5
World Championship,3831,2013,Quarter Final,Raymond van Barneveld,2,Simon Whitlock,1500,5,1,Raymond van Barneveld,2,Simon Whitlock,1500
World Championship,3831,2013,Quarter Final,Phil Taylor,1,Andy Hamilton,12,5,0,Phil Taylor,1,Andy Hamilton,12
World Championship,3831,2013,Semi Final,Michael van Gerwen,1395,James Wade,11,6,4,Michael van Gerwen,1395,James Wade,11
World Championship,3831,2013,Semi Final,Phil Taylor,1,Raymond van Barneveld,2,6,4,Phil Taylor,1,Raymond van Barneveld,2
World Championship,3831,2013,Final,Phil Taylor,1,Michael van Gerwen,1395,7,4,Phil Taylor,1,Michael van Gerwen,1395
World Championship,4486,2014,Last 72,Royden Lam,5643,Gino Vos,7204,4,1,Royden Lam,5643,Gino Vos,7204
World Championship,4486,2014,Last 72,Morihiro Hashimoto,8332,Paul Lim,1566,4,2,Morihiro Hashimoto,8332,Paul Lim,1566
World Championship,4486,2014,Last 72,Zoran Lerchbacher,5184,Ben Ward,12016,4,1,Zoran Lerchbacher,5184,Ben Ward,12016
World Championship,4486,2014,Last 72,Devon Petersen,9003,Mohd Latif Sapup,8495,4,1,Devon Petersen,9003,Mohd Latif Sapup,8495
World Championship,4486,2014,Last 72,Colin Osborne,27,Dennis Lindskjold,4177,4,1,Colin Osborne,27,Dennis Lindskjold,4177
World Championship,4486,2014,Last 72,Julio Barbero,5848,Andree Welge,1428,4,1,Julio Barbero,5848,Andree Welge,1428
World Championship,4486,2014,Last 72,Per Laursen,1396,Colin McGarry,1515,4,2,Per Laursen,1396,Colin McGarry,1515
World Championship,4486,2014,Last 72,Rob Szabo,3967,Ian Moss,11674,4,3,Rob Szabo,3967,Ian Moss,11674
World Championship,4486,2014,Last 64,Kevin Painter,18,Tomas Seyler,1378,3,0,Kevin Painter,18,Tomas Seyler,1378
World Championship,4486,2014,Last 64,James Wade,11,Darren Webster,34,3,2,James Wade,11,Darren Webster,34
World Championship,4486,2014,Last 64,Mark Webster,191,Mensur Suljovic,1933,3,2,Mark Webster,191,Mensur Suljovic,1933
World Championship,4486,2014,Last 64,Wes Newton,24,Royden Lam,5643,3,1,Wes Newton,24,Royden Lam,5643
World Championship,4486,2014,Last 64,Justin Pipe,6494,Arron Monk,791,3,0,Justin Pipe,6494,Arron Monk,791
World Championship,4486,2014,Last 64,Andy Smith,21,Steve Brown,3624,3,1,Andy Smith,21,Steve Brown,3624
World Championship,4486,2014,Last 64,Adrian Lewis,5,Dennis Smith,31,3,0,Adrian Lewis,5,Dennis Smith,31
World Championship,4486,2014,Last 64,Michael Smith,6025,Morihiro Hashimoto,8332,3,1,Michael Smith,6025,Morihiro Hashimoto,8332
World Championship,4486,2014,Last 64,Vincent van der Voort,1499,Matt Clark,37,3,1,Vincent van der Voort,1499,Matt Clark,37
World Championship,4486,2014,Last 64,Michael van Gerwen,1395,Zoran Lerchbacher,5184,3,0,Michael van Gerwen,1395,Zoran Lerchbacher,5184
World Championship,4486,2014,Last 64,Simon Whitlock,1500,Ross Smith,1596,3,0,Simon Whitlock,1500,Ross Smith,1596
World Championship,4486,2014,Last 64,Beau Anderson,2425,Colin Lloyd,3,3,2,Beau Anderson,2425,Colin Lloyd,3
World Championship,4486,2014,Last 64,Devon Petersen,9003,Steve Beaton,33,3,1,Devon Petersen,9003,Steve Beaton,33
World Championship,4486,2014,Last 64,Ricky Evans,1734,Ronnie Baxter,14,3,0,Ricky Evans,1734,Ronnie Baxter,14
World Championship,4486,2014,Last 64,Mervyn King,168,Darin Young,1380,3,0,Mervyn King,168,Darin Young,1380
World Championship,4486,2014,Last 64,Kim Huybrechts,1633,Ronny Huybrechts,1558,3,1,Kim Huybrechts,1633,Ronny Huybrechts,1558
World Championship,4486,2014,Last 64,Jamie Caven,1662,Jelle Klaasen,1511,3,1,Jamie Caven,1662,Jelle Klaasen,1511
World Championship,4486,2014,Last 64,Raymond van Barneveld,2,Jamie Lewis,3294,3,0,Raymond van Barneveld,2,Jamie Lewis,3294
World Championship,4486,2014,Last 64,John Henderson,1936,Dave Chisnall,4101,3,2,John Henderson,1936,Dave Chisnall,4101
World Championship,4486,2014,Last 64,Brendan Dolan,1607,Colin Osborne,27,3,0,Brendan Dolan,1607,Colin Osborne,27
World Championship,4486,2014,Last 64,Paul Nicholson,5212,Stuart Kellett,2282,3,0,Paul Nicholson,5212,Stuart Kellett,2282
World Championship,4486,2014,Last 64,Gary Anderson,181,Mark Dudbridge,20,3,0,Gary Anderson,181,Mark Dudbridge,20
World Championship,4486,2014,Last 64,Andy Hamilton,12,Julio Barbero,5848,3,1,Andy Hamilton,12,Julio Barbero,5848
World Championship,4486,2014,Last 64,Robert Thornton,1543,Max Hopp,12671,3,1,Robert Thornton,1543,Max Hopp,12671
World Championship,4486,2014,Last 64,Kevin McDine,1525,Wayne Jones,25,3,2,Kevin McDine,1525,Wayne Jones,25
World Championship,4486,2014,Last 64,Ian White,2213,Kyle Anderson,2172,3,1,Ian White,2213,Kyle Anderson,2172
World Championship,4486,2014,Last 64,Per Laursen,1396,Terry Jenkins,7,3,2,Per Laursen,1396,Terry Jenkins,7
World Championship,4486,2014,Last 64,Jarkko Komula,94,Mark Walsh,15,3,1,Jarkko Komula,94,Mark Walsh,15
World Championship,4486,2014,Last 64,Richie Burnett,51,Dean Winstanley,7471,3,1,Richie Burnett,51,Dean Winstanley,7471
World Championship,4486,2014,Last 64,Phil Taylor,1,Rob Szabo,3967,3,1,Phil Taylor,1,Rob Szabo,3967
World Championship,4486,2014,Last 64,John Part,10,Mareno Michels,185,3,2,John Part,10,Mareno Michels,185
World Championship,4486,2014,Last 64,Peter Wright,1463,Joe Cullen,6487,3,0,Peter Wright,1463,Joe Cullen,6487
World Championship,4486,2014,Last 32,Devon Petersen,9003,Justin Pipe,6494,4,1,Devon Petersen,9003,Justin Pipe,6494
World Championship,4486,2014,Last 32,Adrian Lewis,5,Vincent van der Voort,1499,4,1,Adrian Lewis,5,Vincent van der Voort,1499
World Championship,4486,2014,Last 32,James Wade,11,Andy Smith,21,4,3,James Wade,11,Andy Smith,21
World Championship,4486,2014,Last 32,Mervyn King,168,Ricky Evans,1734,4,2,Mervyn King,168,Ricky Evans,1734
World Championship,4486,2014,Last 32,Mark Webster,191,John Henderson,1936,4,3,Mark Webster,191,John Henderson,1936
World Championship,4486,2014,Last 32,Michael van Gerwen,1395,Kevin McDine,1525,4,1,Michael van Gerwen,1395,Kevin McDine,1525
World Championship,4486,2014,Last 32,Wes Newton,24,John Part,10,4,0,Wes Newton,24,John Part,10
World Championship,4486,2014,Last 32,Gary Anderson,181,Brendan Dolan,1607,4,1,Gary Anderson,181,Brendan Dolan,1607
World Championship,4486,2014,Last 32,Kevin Painter,18,Paul Nicholson,5212,4,0,Kevin Painter,18,Paul Nicholson,5212
World Championship,4486,2014,Last 32,Simon Whitlock,1500,Jarkko Komula,94,4,0,Simon Whitlock,1500,Jarkko Komula,94
World Championship,4486,2014,Last 32,Richie Burnett,51,Andy Hamilton,12,4,1,Richie Burnett,51,Andy Hamilton,12
World Championship,4486,2014,Last 32,Ian White,2213,Kim Huybrechts,1633,4,3,Ian White,2213,Kim Huybrechts,1633
World Championship,4486,2014,Last 32,Robert Thornton,1543,Beau Anderson,2425,4,0,Robert Thornton,1543,Beau Anderson,2425
World Championship,4486,2014,Last 32,Michael Smith,6025,Phil Taylor,1,4,3,Michael Smith,6025,Phil Taylor,1
World Championship,4486,2014,Last 32,Raymond van Barneveld,2,Jamie Caven,1662,4,3,Raymond van Barneveld,2,Jamie Caven,1662
World Championship,4486,2014,Last 32,Peter Wright,1463,Per Laursen,1396,4,2,Peter Wright,1463,Per Laursen,1396
World Championship,4486,2014,Last 16,Michael van Gerwen,1395,Gary Anderson,181,4,3,Michael van Gerwen,1395,Gary Anderson,181
World Championship,4486,2014,Last 16,James Wade,11,Devon Petersen,9003,4,0,James Wade,11,Devon Petersen,9003
World Championship,4486,2014,Last 16,Adrian Lewis,5,Mervyn King,168,4,1,Adrian Lewis,5,Mervyn King,168
World Championship,4486,2014,Last 16,Mark Webster,191,Raymond van Barneveld,2,4,3,Mark Webster,191,Raymond van Barneveld,2
World Championship,4486,2014,Last 16,Ian White,2213,Richie Burnett,51,4,3,Ian White,2213,Richie Burnett,51
World Championship,4486,2014,Last 16,Simon Whitlock,1500,Kevin Painter,18,4,0,Simon Whitlock,1500,Kevin Painter,18
World Championship,4486,2014,Last 16,Wes Newton,24,Robert Thornton,1543,4,1,Wes Newton,24,Robert Thornton,1543
World Championship,4486,2014,Last 16,Peter Wright,1463,Michael Smith,6025,4,3,Peter Wright,1463,Michael Smith,6025
World Championship,4486,2014,Quarter Final,Adrian Lewis,5,James Wade,11,5,1,Adrian Lewis,5,James Wade,11
World Championship,4486,2014,Quarter Final,Michael van Gerwen,1395,Mark Webster,191,5,3,Michael van Gerwen,1395,Mark Webster,191
World Championship,4486,2014,Quarter Final,Simon Whitlock,1500,Ian White,2213,5,4,Simon Whitlock,1500,Ian White,2213
World Championship,4486,2014,Quarter Final,Peter Wright,1463,Wes Newton,24,5,4,Peter Wright,1463,Wes Newton,24
World Championship,4486,2014,Semi Final,Michael van Gerwen,1395,Adrian Lewis,5,6,0,Michael van Gerwen,1395,Adrian Lewis,5
World Championship,4486,2014,Semi Final,Peter Wright,1463,Simon Whitlock,1500,6,2,Peter Wright,1463,Simon Whitlock,1500
World Championship,4486,2014,Final,Michael van Gerwen,1395,Peter Wright,1463,7,4,Michael van Gerwen,1395,Peter Wright,1463
World Championship,5664,2015,Last 72,Robert Marijanovic,11545,Jermaine Wattimena,7462,4,3,Robert Marijanovic,11545,Jermaine Wattimena,7462
World Championship,5664,2015,Last 72,Nolan Arendse,5222,Alex Hon,5639,4,0,Nolan Arendse,5222,Alex Hon,5639
World Championship,5664,2015,Last 72,John Michael,2154,Jani Haavisto,10796,4,1,John Michael,2154,Jani Haavisto,10796
World Championship,5664,2015,Last 72,Boris Koltsov,14210,Haruki Muramatsu,9165,4,2,Boris Koltsov,14210,Haruki Muramatsu,9165
World Championship,5664,2015,Last 72,Daryl Gurney,2479,Scott MacKenzie,4792,4,3,Daryl Gurney,2479,Scott MacKenzie,4792
World Championship,5664,2015,Last 72,Scott Kirchner,1593,Mark McGrath,2652,4,0,Scott Kirchner,1593,Mark McGrath,2652
World Championship,5664,2015,Last 72,Sascha Stein,16202,Kim Viljanen,95,4,1,Sascha Stein,16202,Kim Viljanen,95
World Championship,5664,2015,Last 72,Cristo Reyes,17734,Christian Perez,9234,4,0,Cristo Reyes,17734,Christian Perez,9234
World Championship,5664,2015,Last 64,Stephen Bunting,192,Robert Marijanovic,11545,3,1,Stephen Bunting,192,Robert Marijanovic,11545
World Championship,5664,2015,Last 64,Adrian Lewis,5,David Pallett,798,3,0,Adrian Lewis,5,David Pallett,798
World Championship,5664,2015,Last 64,Vincent van der Voort,1499,John Henderson,1936,3,2,Vincent van der Voort,1499,John Henderson,1936
World Championship,5664,2015,Last 64,Max Hopp,12671,Mervyn King,168,3,2,Max Hopp,12671,Mervyn King,168
World Championship,5664,2015,Last 64,Michael Smith,6025,Mensur Suljovic,1933,3,1,Michael Smith,6025,Mensur Suljovic,1933
World Championship,5664,2015,Last 64,Brendan Dolan,1607,Nolan Arendse,5222,3,0,Brendan Dolan,1607,Nolan Arendse,5222
World Championship,5664,2015,Last 64,Jamie Caven,1662,Jason Hogg,12407,3,2,Jamie Caven,1662,Jason Hogg,12407
World Championship,5664,2015,Last 64,Raymond van Barneveld,2,Rowby-John Rodriguez,9750,3,0,Raymond van Barneveld,2,Rowby-John Rodriguez,9750
World Championship,5664,2015,Last 64,James Wade,11,Jamie Lewis,3294,3,1,James Wade,11,Jamie Lewis,3294
World Championship,5664,2015,Last 64,Dean Winstanley,7471,Wayne Jones,25,3,2,Dean Winstanley,7471,Wayne Jones,25
World Championship,5664,2015,Last 64,Kim Huybrechts,1633,Mickey Mansell,4083,3,0,Kim Huybrechts,1633,Mickey Mansell,4083
World Championship,5664,2015,Last 64,Ian White,2213,John Michael,2154,3,1,Ian White,2213,John Michael,2154
World Championship,5664,2015,Last 64,Kevin Painter,18,Boris Koltsov,14210,3,1,Kevin Painter,18,Boris Koltsov,14210
World Championship,5664,2015,Last 64,Dave Chisnall,4101,Ryan de Vreede,8983,3,0,Dave Chisnall,4101,Ryan de Vreede,8983
World Championship,5664,2015,Last 64,Mark Webster,191,Ron Meulenkamp,937,3,1,Mark Webster,191,Ron Meulenkamp,937
World Championship,5664,2015,Last 64,Benito van de Pas,8985,Paul Nicholson,5212,3,2,Benito van de Pas,8985,Paul Nicholson,5212
World Championship,5664,2015,Last 64,Darren Webster,34,Simon Whitlock,1500,3,1,Darren Webster,34,Simon Whitlock,1500
World Championship,5664,2015,Last 64,Kyle Anderson,2172,Steve Beaton,33,3,0,Kyle Anderson,2172,Steve Beaton,33
World Championship,5664,2015,Last 64,Ronny Huybrechts,1558,Andy Smith,21,3,0,Ronny Huybrechts,1558,Andy Smith,21
World Championship,5664,2015,Last 64,Gary Anderson,181,Scott Kirchner,1593,3,1,Gary Anderson,181,Scott Kirchner,1593
World Championship,5664,2015,Last 64,Ronnie Baxter,14,Daryl Gurney,2479,3,1,Ronnie Baxter,14,Daryl Gurney,2479
World Championship,5664,2015,Last 64,Robert Thornton,1543,Andrew Gilding,10168,3,0,Robert Thornton,1543,Andrew Gilding,10168
World Championship,5664,2015,Last 64,Laurence Ryder,13344,Justin Pipe,6494,3,2,Laurence Ryder,13344,Justin Pipe,6494
World Championship,5664,2015,Last 64,Terry Jenkins,7,John Weber,7024,3,1,Terry Jenkins,7,John Weber,7024
World Championship,5664,2015,Last 64,Phil Taylor,1,Jyhan Artut,1939,3,0,Phil Taylor,1,Jyhan Artut,1939
World Championship,5664,2015,Last 64,Andy Hamilton,12,Dave Richardson,7048,3,2,Andy Hamilton,12,Dave Richardson,7048
World Championship,5664,2015,Last 64,Peter Wright,1463,Gerwyn Price,16492,3,0,Peter Wright,1463,Gerwyn Price,16492
World Championship,5664,2015,Last 64,Sascha Stein,16202,Stuart Kellett,2282,3,1,Sascha Stein,16202,Stuart Kellett,2282
World Championship,5664,2015,Last 64,Cristo Reyes,17734,Wes Newton,24,3,2,Cristo Reyes,17734,Wes Newton,24
World Championship,5664,2015,Last 64,Keegan Brown,10548,John Part,10,3,2,Keegan Brown,10548,John Part,10
World Championship,5664,2015,Last 64,Jelle Klaasen,1511,Christian Kist,8797,3,1,Jelle Klaasen,1511,Christian Kist,8797
World Championship,5664,2015,Last 64,Michael van Gerwen,1395,Joe Cullen,6487,3,1,Michael van Gerwen,1395,Joe Cullen,6487
World Championship,5664,2015,Last 32,Stephen Bunting,192,James Wade,11,4,1,Stephen Bunting,192,James Wade,11
World Championship,5664,2015,Last 32,Michael Smith,6025,Brendan Dolan,1607,4,2,Michael Smith,6025,Brendan Dolan,1607
World Championship,5664,2015,Last 32,Raymond van Barneveld,2,Jamie Caven,1662,4,3,Raymond van Barneveld,2,Jamie Caven,1662
World Championship,5664,2015,Last 32,Vincent van der Voort,1499,Max Hopp,12671,4,0,Vincent van der Voort,1499,Max Hopp,12671
World Championship,5664,2015,Last 32,Adrian Lewis,5,Keegan Brown,10548,4,2,Adrian Lewis,5,Keegan Brown,10548
World Championship,5664,2015,Last 32,Dean Winstanley,7471,Darren Webster,34,4,3,Dean Winstanley,7471,Darren Webster,34
World Championship,5664,2015,Last 32,Kim Huybrechts,1633,Ian White,2213,4,3,Kim Huybrechts,1633,Ian White,2213
World Championship,5664,2015,Last 32,Phil Taylor,1,Mark Webster,191,4,0,Phil Taylor,1,Mark Webster,191
World Championship,5664,2015,Last 32,Andy Hamilton,12,Kyle Anderson,2172,4,2,Andy Hamilton,12,Kyle Anderson,2172
World Championship,5664,2015,Last 32,Cristo Reyes,17734,Kevin Painter,18,4,3,Cristo Reyes,17734,Kevin Painter,18
World Championship,5664,2015,Last 32,Gary Anderson,181,Jelle Klaasen,1511,4,3,Gary Anderson,181,Jelle Klaasen,1511
World Championship,5664,2015,Last 32,Benito van de Pas,8985,Dave Chisnall,4101,4,2,Benito van de Pas,8985,Dave Chisnall,4101
World Championship,5664,2015,Last 32,Michael van Gerwen,1395,Sascha Stein,16202,4,1,Michael van Gerwen,1395,Sascha Stein,16202
World Championship,5664,2015,Last 32,Peter Wright,1463,Ronny Huybrechts,1558,4,1,Peter Wright,1463,Ronny Huybrechts,1558
World Championship,5664,2015,Last 32,Robert Thornton,1543,Ronnie Baxter,14,4,0,Robert Thornton,1543,Ronnie Baxter,14
World Championship,5664,2015,Last 32,Terry Jenkins,7,Laurence Ryder,13344,4,0,Terry Jenkins,7,Laurence Ryder,13344
World Championship,5664,2015,Last 16,Stephen Bunting,192,Michael Smith,6025,4,2,Stephen Bunting,192,Michael Smith,6025
World Championship,5664,2015,Last 16,Raymond van Barneveld,2,Adrian Lewis,5,4,3,Raymond van Barneveld,2,Adrian Lewis,5
World Championship,5664,2015,Last 16,Phil Taylor,1,Kim Huybrechts,1633,4,3,Phil Taylor,1,Kim Huybrechts,1633
World Championship,5664,2015,Last 16,Vincent van der Voort,1499,Dean Winstanley,7471,4,2,Vincent van der Voort,1499,Dean Winstanley,7471
World Championship,5664,2015,Last 16,Peter Wright,1463,Andy Hamilton,12,4,0,Peter Wright,1463,Andy Hamilton,12
World Championship,5664,2015,Last 16,Gary Anderson,181,Cristo Reyes,17734,4,1,Gary Anderson,181,Cristo Reyes,17734
World Championship,5664,2015,Last 16,Robert Thornton,1543,Benito van de Pas,8985,4,0,Robert Thornton,1543,Benito van de Pas,8985
World Championship,5664,2015,Last 16,Michael van Gerwen,1395,Terry Jenkins,7,4,1,Michael van Gerwen,1395,Terry Jenkins,7
World Championship,5664,2015,Quarter Final,Raymond van Barneveld,2,Stephen Bunting,192,5,4,Raymond van Barneveld,2,Stephen Bunting,192
World Championship,5664,2015,Quarter Final,Phil Taylor,1,Vincent van der Voort,1499,5,3,Phil Taylor,1,Vincent van der Voort,1499
World Championship,5664,2015,Quarter Final,Gary Anderson,181,Peter Wright,1463,5,1,Gary Anderson,181,Peter Wright,1463
World Championship,5664,2015,Quarter Final,Michael van Gerwen,1395,Robert Thornton,1543,5,2,Michael van Gerwen,1395,Robert Thornton,1543
World Championship,5664,2015,Semi Final,Phil Taylor,1,Raymond van Barneveld,2,6,2,Phil Taylor,1,Raymond van Barneveld,2
World Championship,5664,2015,Semi Final,Gary Anderson,181,Michael van Gerwen,1395,6,3,Gary Anderson,181,Michael van Gerwen,1395
World Championship,5664,2015,Final,Gary Anderson,181,Phil Taylor,1,7,6,Gary Anderson,181,Phil Taylor,1
World Championship,6236,2016,Last 72,John Michael,2154,Warrick Scheffer,13943,2,0,John Michael,2154,Warrick Scheffer,13943
World Championship,6236,2016,Last 72,Alexander Oreshkin,13428,Paul Lim,1566,2,1,Alexander Oreshkin,13428,Paul Lim,1566
World Championship,6236,2016,Last 72,Rob Szabo,3967,Michael Rasztovits,9824,2,0,Rob Szabo,3967,Michael Rasztovits,9824
World Championship,6236,2016,Last 72,Kim Viljanen,95,Sven Groen,16634,2,1,Kim Viljanen,95,Sven Groen,16634
World Championship,6236,2016,Last 72,Keita Ono,15142,Alex Tagarao,20201,2,0,Keita Ono,15142,Alex Tagarao,20201
World Championship,6236,2016,Last 72,René Eidams,16615,Thanawat Gaweenuntavong,7455,2,0,René Eidams,16615,Thanawat Gaweenuntavong,7455
World Championship,6236,2016,Last 72,Mick McGowan,32,Sun Qiang,11422,2,0,Mick McGowan,32,Sun Qiang,11422
World Championship,6236,2016,Last 72,Andy Boulton,98,Per Laursen,1396,2,1,Andy Boulton,98,Per Laursen,1396
World Championship,6236,2016,Last 64,Jelle Klaasen,1511,Joe Cullen,6487,3,0,Jelle Klaasen,1511,Joe Cullen,6487
World Championship,6236,2016,Last 64,Andrew Gilding,10168,Gerwyn Price,16492,3,0,Andrew Gilding,10168,Gerwyn Price,16492
World Championship,6236,2016,Last 64,Adrian Lewis,5,Jan Dekker,2255,3,0,Adrian Lewis,5,Jan Dekker,2255
World Championship,6236,2016,Last 64,Benito van de Pas,8985,Max Hopp,12671,3,1,Benito van de Pas,8985,Max Hopp,12671
World Championship,6236,2016,Last 64,Terry Jenkins,7,Darin Young,1380,3,1,Terry Jenkins,7,Darin Young,1380
World Championship,6236,2016,Last 64,Wes Newton,24,Cristo Reyes,17734,3,1,Wes Newton,24,Cristo Reyes,17734
World Championship,6236,2016,Last 64,Dave Chisnall,4101,Rowby-John Rodriguez,9750,3,0,Dave Chisnall,4101,Rowby-John Rodriguez,9750
World Championship,6236,2016,Last 64,Ronny Huybrechts,1558,Dean Winstanley,7471,3,2,Ronny Huybrechts,1558,Dean Winstanley,7471
World Championship,6236,2016,Last 64,Alan Norris,2388,Robert Thornton,1543,3,0,Alan Norris,2388,Robert Thornton,1543
World Championship,6236,2016,Last 64,James Wade,11,John Michael,2154,3,0,James Wade,11,John Michael,2154
World Championship,6236,2016,Last 64,Michael Smith,6025,Jeffrey de Zwaan,11969,3,2,Michael Smith,6025,Jeffrey de Zwaan,11969
World Championship,6236,2016,Last 64,Mervyn King,168,Alexander Oreshkin,13428,3,2,Mervyn King,168,Alexander Oreshkin,13428
World Championship,6236,2016,Last 64,Stephen Bunting,192,Jyhan Artut,1939,3,0,Stephen Bunting,192,Jyhan Artut,1939
World Championship,6236,2016,Last 64,Raymond van Barneveld,2,Dirk van Duijvenbode,10070,3,0,Raymond van Barneveld,2,Dirk van Duijvenbode,10070
World Championship,6236,2016,Last 64,Joe Murnan,2582,Andy Hamilton,12,3,2,Joe Murnan,2582,Andy Hamilton,12
World Championship,6236,2016,Last 64,Jamie Caven,1662,Rob Szabo,3967,3,0,Jamie Caven,1662,Rob Szabo,3967
World Championship,6236,2016,Last 64,Mensur Suljovic,1933,Jermaine Wattimena,7462,3,1,Mensur Suljovic,1933,Jermaine Wattimena,7462
World Championship,6236,2016,Last 64,Kevin Painter,18,Kim Viljanen,95,3,0,Kevin Painter,18,Kim Viljanen,95
World Championship,6236,2016,Last 64,Phil Taylor,1,Keita Ono,15142,3,0,Phil Taylor,1,Keita Ono,15142
World Championship,6236,2016,Last 64,Ricky Evans,1734,Simon Whitlock,1500,3,2,Ricky Evans,1734,Simon Whitlock,1500
World Championship,6236,2016,Last 64,Vincent van der Voort,1499,Laurence Ryder,13344,3,0,Vincent van der Voort,1499,Laurence Ryder,13344
World Championship,6236,2016,Last 64,Dimitri van den Bergh,11656,Ian White,2213,3,1,Dimitri van den Bergh,11656,Ian White,2213
World Championship,6236,2016,Last 64,Steve Beaton,33,Koha Kokiri,6565,3,0,Steve Beaton,33,Koha Kokiri,6565
World Championship,6236,2016,Last 64,Kyle Anderson,2172,Brendan Dolan,1607,3,0,Kyle Anderson,2172,Brendan Dolan,1607
World Championship,6236,2016,Last 64,David Pallett,798,Kim Huybrechts,1633,3,2,David Pallett,798,Kim Huybrechts,1633
World Championship,6236,2016,Last 64,Michael van Gerwen,1395,René Eidams,16615,3,2,Michael van Gerwen,1395,René Eidams,16615
World Championship,6236,2016,Last 64,Mark Webster,191,Mick McGowan,32,3,0,Mark Webster,191,Mick McGowan,32
World Championship,6236,2016,Last 64,Christian Kist,8797,Justin Pipe,6494,3,0,Christian Kist,8797,Justin Pipe,6494
World Championship,6236,2016,Last 64,Darren Webster,34,John Henderson,1936,3,1,Darren Webster,34,John Henderson,1936
World Championship,6236,2016,Last 64,Daryl Gurney,2479,Jamie Lewis,3294,3,1,Daryl Gurney,2479,Jamie Lewis,3294
World Championship,6236,2016,Last 64,Gary Anderson,181,Andy Boulton,98,3,0,Gary Anderson,181,Andy Boulton,98
World Championship,6236,2016,Last 64,Peter Wright,1463,Keegan Brown,10548,3,0,Peter Wright,1463,Keegan Brown,10548
World Championship,6236,2016,Last 32,Jelle Klaasen,1511,Mervyn King,168,4,2,Jelle Klaasen,1511,Mervyn King,168
World Championship,6236,2016,Last 32,Mark Webster,191,Terry Jenkins,7,4,0,Mark Webster,191,Terry Jenkins,7
World Championship,6236,2016,Last 32,Alan Norris,2388,Joe Murnan,2582,4,1,Alan Norris,2388,Joe Murnan,2582
World Championship,6236,2016,Last 32,Phil Taylor,1,Kevin Painter,18,4,1,Phil Taylor,1,Kevin Painter,18
World Championship,6236,2016,Last 32,Mensur Suljovic,1933,David Pallett,798,4,3,Mensur Suljovic,1933,David Pallett,798
World Championship,6236,2016,Last 32,Adrian Lewis,5,Andrew Gilding,10168,4,0,Adrian Lewis,5,Andrew Gilding,10168
World Championship,6236,2016,Last 32,Peter Wright,1463,Ronny Huybrechts,1558,4,0,Peter Wright,1463,Ronny Huybrechts,1558
World Championship,6236,2016,Last 32,James Wade,11,Wes Newton,24,4,0,James Wade,11,Wes Newton,24
World Championship,6236,2016,Last 32,Vincent van der Voort,1499,Kyle Anderson,2172,4,2,Vincent van der Voort,1499,Kyle Anderson,2172
World Championship,6236,2016,Last 32,Benito van de Pas,8985,Dimitri van den Bergh,11656,4,2,Benito van de Pas,8985,Dimitri van den Bergh,11656
World Championship,6236,2016,Last 32,Michael Smith,6025,Steve Beaton,33,4,2,Michael Smith,6025,Steve Beaton,33
World Championship,6236,2016,Last 32,Raymond van Barneveld,2,Stephen Bunting,192,4,3,Raymond van Barneveld,2,Stephen Bunting,192
World Championship,6236,2016,Last 32,Michael van Gerwen,1395,Darren Webster,34,4,0,Michael van Gerwen,1395,Darren Webster,34
World Championship,6236,2016,Last 32,Jamie Caven,1662,Ricky Evans,1734,4,0,Jamie Caven,1662,Ricky Evans,1734
World Championship,6236,2016,Last 32,Gary Anderson,181,Daryl Gurney,2479,4,1,Gary Anderson,181,Daryl Gurney,2479
World Championship,6236,2016,Last 32,Dave Chisnall,4101,Christian Kist,8797,4,1,Dave Chisnall,4101,Christian Kist,8797
World Championship,6236,2016,Last 16,Alan Norris,2388,Mark Webster,191,4,1,Alan Norris,2388,Mark Webster,191
World Championship,6236,2016,Last 16,Jelle Klaasen,1511,Phil Taylor,1,4,3,Jelle Klaasen,1511,Phil Taylor,1
World Championship,6236,2016,Last 16,Peter Wright,1463,Dave Chisnall,4101,4,3,Peter Wright,1463,Dave Chisnall,4101
World Championship,6236,2016,Last 16,James Wade,11,Jamie Caven,1662,4,1,James Wade,11,Jamie Caven,1662
World Championship,6236,2016,Last 16,Gary Anderson,181,Vincent van der Voort,1499,4,0,Gary Anderson,181,Vincent van der Voort,1499
World Championship,6236,2016,Last 16,Adrian Lewis,5,Mensur Suljovic,1933,4,0,Adrian Lewis,5,Mensur Suljovic,1933
World Championship,6236,2016,Last 16,Michael Smith,6025,Benito van de Pas,8985,4,0,Michael Smith,6025,Benito van de Pas,8985
World Championship,6236,2016,Last 16,Raymond van Barneveld,2,Michael van Gerwen,1395,4,3,Raymond van Barneveld,2,Michael van Gerwen,1395
World Championship,6236,2016,Quarter Final,Jelle Klaasen,1511,Alan Norris,2388,5,4,Jelle Klaasen,1511,Alan Norris,2388
World Championship,6236,2016,Quarter Final,Gary Anderson,181,James Wade,11,5,1,Gary Anderson,181,James Wade,11
World Championship,6236,2016,Quarter Final,Adrian Lewis,5,Peter Wright,1463,5,2,Adrian Lewis,5,Peter Wright,1463
World Championship,6236,2016,Quarter Final,Raymond van Barneveld,2,Michael Smith,6025,5,4,Raymond van Barneveld,2,Michael Smith,6025
World Championship,6236,2016,Semi Final,Gary Anderson,181,Jelle Klaasen,1511,6,0,Gary Anderson,181,Jelle Klaasen,1511
World Championship,6236,2016,Semi Final,Adrian Lewis,5,Raymond van Barneveld,2,6,3,Adrian Lewis,5,Raymond van Barneveld,2
World Championship,6236,2016,Final,Gary Anderson,181,Adrian Lewis,5,7,5,Gary Anderson,181,Adrian Lewis,5
World Championship,7795,2017,Last 72,Zoran Lerchbacher,5184,Simon Stevenson,16669,2,1,Zoran Lerchbacher,5184,Simon Stevenson,16669
World Championship,7795,2017,Last 72,Dragutin Horvat,3112,Boris Koltsov,14210,2,1,Dragutin Horvat,3112,Boris Koltsov,14210
World Championship,7795,2017,Last 72,Corey Cadby,13857,Sun Qiang,11422,2,0,Corey Cadby,13857,Sun Qiang,11422
World Championship,7795,2017,Last 72,David Platt,1401,John Bowles,9852,2,0,David Platt,1401,John Bowles,9852
World Championship,7795,2017,Last 72,Kevin Simm,2316,Gilbert Ulang,14067,2,0,Kevin Simm,2316,Gilbert Ulang,14067
World Championship,7795,2017,Last 72,Kim Viljanen,95,Ross Snook,2755,2,0,Kim Viljanen,95,Ross Snook,2755
World Championship,7795,2017,Last 72,Tengku Hadzali Shah,2158,Masumi Chino,8829,2,1,Tengku Hadzali Shah,2158,Masumi Chino,8829
World Championship,7795,2017,Last 72,Jerry Hendriks,1000,Warren Parry,1412,2,0,Jerry Hendriks,1000,Warren Parry,1412
World Championship,7795,2017,Last 64,Jelle Klaasen,1511,Jeffrey de Graaf,10396,3,1,Jelle Klaasen,1511,Jeffrey de Graaf,10396
World Championship,7795,2017,Last 64,Dave Chisnall,4101,Rowby-John Rodriguez,9750,3,2,Dave Chisnall,4101,Rowby-John Rodriguez,9750
World Championship,7795,2017,Last 64,Max Hopp,12671,Vincent van der Voort,1499,3,1,Max Hopp,12671,Vincent van der Voort,1499
World Championship,7795,2017,Last 64,Kim Huybrechts,1633,James Wilson,2559,3,0,Kim Huybrechts,1633,James Wilson,2559
World Championship,7795,2017,Last 64,James Wade,11,Ronny Huybrechts,1558,3,0,James Wade,11,Ronny Huybrechts,1558
World Championship,7795,2017,Last 64,Robert Thornton,1543,Zoran Lerchbacher,5184,3,0,Robert Thornton,1543,Zoran Lerchbacher,5184
World Championship,7795,2017,Last 64,Mensur Suljovic,1933,Ron Meulenkamp,937,3,0,Mensur Suljovic,1933,Ron Meulenkamp,937
World Championship,7795,2017,Last 64,Brendan Dolan,1607,Christian Kist,8797,3,1,Brendan Dolan,1607,Christian Kist,8797
World Championship,7795,2017,Last 64,Raymond van Barneveld,2,Robbie Green,1459,3,0,Raymond van Barneveld,2,Robbie Green,1459
World Championship,7795,2017,Last 64,Simon Whitlock,1500,Dragutin Horvat,3112,3,0,Simon Whitlock,1500,Dragutin Horvat,3112
World Championship,7795,2017,Last 64,Mervyn King,168,Steve West,1661,3,2,Mervyn King,168,Steve West,1661
World Championship,7795,2017,Last 64,Joe Cullen,6487,Corey Cadby,13857,3,1,Joe Cullen,6487,Corey Cadby,13857
World Championship,7795,2017,Last 64,Adrian Lewis,5,Magnus Caris,1868,3,0,Adrian Lewis,5,Magnus Caris,1868
World Championship,7795,2017,Last 64,Ian White,2213,Kevin Simm,2316,3,0,Ian White,2213,Kevin Simm,2316
World Championship,7795,2017,Last 64,Chris Dobey,16076,Justin Pipe,6494,3,1,Chris Dobey,16076,Justin Pipe,6494
World Championship,7795,2017,Last 64,Alan Norris,2388,John Michael,2154,3,2,Alan Norris,2388,John Michael,2154
World Championship,7795,2017,Last 64,Phil Taylor,1,David Platt,1401,3,0,Phil Taylor,1,David Platt,1401
World Championship,7795,2017,Last 64,Daryl Gurney,2479,Jermaine Wattimena,7462,3,1,Daryl Gurney,2479,Jermaine Wattimena,7462
World Championship,7795,2017,Last 64,Mark Webster,191,Joe Murnan,2582,3,0,Mark Webster,191,Joe Murnan,2582
World Championship,7795,2017,Last 64,Terry Jenkins,7,Josh Payne,8236,3,1,Terry Jenkins,7,Josh Payne,8236
World Championship,7795,2017,Last 64,Benito van de Pas,8985,Tengku Hadzali Shah,2158,3,1,Benito van de Pas,8985,Tengku Hadzali Shah,2158
World Championship,7795,2017,Last 64,Andrew Gilding,10168,John Henderson,1936,3,2,Andrew Gilding,10168,John Henderson,1936
World Championship,7795,2017,Last 64,Darren Webster,34,Stephen Bunting,192,3,2,Darren Webster,34,Stephen Bunting,192
World Championship,7795,2017,Last 64,Cristo Reyes,17734,Dimitri van den Bergh,11656,3,2,Cristo Reyes,17734,Dimitri van den Bergh,11656
World Championship,7795,2017,Last 64,Michael van Gerwen,1395,Kim Viljanen,95,3,0,Michael van Gerwen,1395,Kim Viljanen,95
World Championship,7795,2017,Last 64,Peter Wright,1463,Jerry Hendriks,1000,3,0,Peter Wright,1463,Jerry Hendriks,1000
World Championship,7795,2017,Last 64,Steve Beaton,33,Devon Petersen,9003,3,1,Steve Beaton,33,Devon Petersen,9003
World Championship,7795,2017,Last 64,Jonny Clayton,6861,Gerwyn Price,16492,3,1,Jonny Clayton,6861,Gerwyn Price,16492
World Championship,7795,2017,Last 64,Michael Smith,6025,Ricky Evans,1734,3,2,Michael Smith,6025,Ricky Evans,1734
World Championship,7795,2017,Last 64,Jamie Lewis,3294,Mick McGowan,32,3,2,Jamie Lewis,3294,Mick McGowan,32
World Championship,7795,2017,Last 64,Gary Anderson,181,Mark Frost,1453,3,0,Gary Anderson,181,Mark Frost,1453
World Championship,7795,2017,Last 64,Kevin Painter,18,Jamie Caven,1662,3,1,Kevin Painter,18,Jamie Caven,1662
World Championship,7795,2017,Last 32,James Wade,11,Steve Beaton,33,4,1,James Wade,11,Steve Beaton,33
World Championship,7795,2017,Last 32,Peter Wright,1463,Jamie Lewis,3294,4,0,Peter Wright,1463,Jamie Lewis,3294
World Championship,7795,2017,Last 32,Jelle Klaasen,1511,Brendan Dolan,1607,4,0,Jelle Klaasen,1511,Brendan Dolan,1607
World Championship,7795,2017,Last 32,Kim Huybrechts,1633,Max Hopp,12671,4,0,Kim Huybrechts,1633,Max Hopp,12671
World Championship,7795,2017,Last 32,Dave Chisnall,4101,Chris Dobey,16076,4,2,Dave Chisnall,4101,Chris Dobey,16076
World Championship,7795,2017,Last 32,Raymond van Barneveld,2,Alan Norris,2388,4,0,Raymond van Barneveld,2,Alan Norris,2388
World Championship,7795,2017,Last 32,Phil Taylor,1,Kevin Painter,18,4,0,Phil Taylor,1,Kevin Painter,18
World Championship,7795,2017,Last 32,Daryl Gurney,2479,Robert Thornton,1543,4,3,Daryl Gurney,2479,Robert Thornton,1543
World Championship,7795,2017,Last 32,Mark Webster,191,Mensur Suljovic,1933,4,3,Mark Webster,191,Mensur Suljovic,1933
World Championship,7795,2017,Last 32,Michael van Gerwen,1395,Cristo Reyes,17734,4,2,Michael van Gerwen,1395,Cristo Reyes,17734
World Championship,7795,2017,Last 32,Michael Smith,6025,Mervyn King,168,4,3,Michael Smith,6025,Mervyn King,168
World Championship,7795,2017,Last 32,Ian White,2213,Jonny Clayton,6861,4,1,Ian White,2213,Jonny Clayton,6861
World Championship,7795,2017,Last 32,Benito van de Pas,8985,Terry Jenkins,7,4,3,Benito van de Pas,8985,Terry Jenkins,7
World Championship,7795,2017,Last 32,Gary Anderson,181,Andrew Gilding,10168,4,0,Gary Anderson,181,Andrew Gilding,10168
World Championship,7795,2017,Last 32,Adrian Lewis,5,Joe Cullen,6487,4,0,Adrian Lewis,5,Joe Cullen,6487
World Championship,7795,2017,Last 32,Darren Webster,34,Simon Whitlock,1500,4,0,Darren Webster,34,Simon Whitlock,1500
World Championship,7795,2017,Last 16,James Wade,11,Michael Smith,6025,4,3,James Wade,11,Michael Smith,6025
World Championship,7795,2017,Last 16,Peter Wright,1463,Ian White,2213,4,1,Peter Wright,1463,Ian White,2213
World Championship,7795,2017,Last 16,Dave Chisnall,4101,Jelle Klaasen,1511,4,2,Dave Chisnall,4101,Jelle Klaasen,1511
World Championship,7795,2017,Last 16,Phil Taylor,1,Kim Huybrechts,1633,4,2,Phil Taylor,1,Kim Huybrechts,1633
World Championship,7795,2017,Last 16,Daryl Gurney,2479,Mark Webster,191,4,3,Daryl Gurney,2479,Mark Webster,191
World Championship,7795,2017,Last 16,Michael van Gerwen,1395,Darren Webster,34,4,1,Michael van Gerwen,1395,Darren Webster,34
World Championship,7795,2017,Last 16,Gary Anderson,181,Benito van de Pas,8985,4,2,Gary Anderson,181,Benito van de Pas,8985
World Championship,7795,2017,Last 16,Raymond van Barneveld,2,Adrian Lewis,5,4,3,Raymond van Barneveld,2,Adrian Lewis,5
World Championship,7795,2017,Quarter Final,Peter Wright,1463,James Wade,11,5,3,Peter Wright,1463,James Wade,11
World Championship,7795,2017,Quarter Final,Gary Anderson,181,Dave Chisnall,4101,5,3,Gary Anderson,181,Dave Chisnall,4101
World Championship,7795,2017,Quarter Final,Raymond van Barneveld,2,Phil Taylor,1,5,3,Raymond van Barneveld,2,Phil Taylor,1
World Championship,7795,2017,Quarter Final,Michael van Gerwen,1395,Daryl Gurney,2479,5,1,Michael van Gerwen,1395,Daryl Gurney,2479
World Championship,7795,2017,Semi Final,Gary Anderson,181,Peter Wright,1463,6,3,Gary Anderson,181,Peter Wright,1463
World Championship,7795,2017,Semi Final,Michael van Gerwen,1395,Raymond van Barneveld,2,6,2,Michael van Gerwen,1395,Raymond van Barneveld,2
World Championship,7795,2017,Final,Michael van Gerwen,1395,Gary Anderson,181,7,3,Michael van Gerwen,1395,Gary Anderson,181
World Championship,8808,2018,Last 72,Bernie Smith,2171,Xiao chen Zong,26867,2,0,Bernie Smith,2171,Xiao chen Zong,26867
World Championship,8808,2018,Last 72,Kevin Munch,1940,Alexander Oreshkin,13428,2,0,Kevin Munch,1940,Alexander Oreshkin,13428
World Championship,8808,2018,Last 72,Paul Lim,1566,Kai-Fan Leung,32207,2,0,Paul Lim,1566,Kai-Fan Leung,32207
World Championship,8808,2018,Last 72,Jamie Lewis,3294,Kenny Neyens,13185,2,1,Jamie Lewis,3294,Kenny Neyens,13185
World Championship,8808,2018,Last 72,Cody Harris,3944,Willard Bruguier III,23224,2,1,Cody Harris,3944,Willard Bruguier III,23224
World Championship,8808,2018,Last 72,Jeff Smith,4965,Luke Humphries,11822,2,0,Jeff Smith,4965,Luke Humphries,11822
World Championship,8808,2018,Last 72,Brendan Dolan,1607,Alan Ljubic,26934,2,0,Brendan Dolan,1607,Alan Ljubic,26934
World Championship,8808,2018,Last 72,Seigo Asada,13768,Gordon Mathers,12573,2,1,Seigo Asada,13768,Gordon Mathers,12573
World Championship,8808,2018,Last 64,Darren Webster,34,Devon Petersen,9003,3,2,Darren Webster,34,Devon Petersen,9003
World Championship,8808,2018,Last 64,Toni Alcinas,4072,Cristo Reyes,17734,3,1,Toni Alcinas,4072,Cristo Reyes,17734
World Championship,8808,2018,Last 64,James Richardson,7116,Kim Huybrechts,1633,3,0,James Richardson,7116,Kim Huybrechts,1633
World Championship,8808,2018,Last 64,Peter Wright,1463,Diogo Portela,16009,3,1,Peter Wright,1463,Diogo Portela,16009
World Championship,8808,2018,Last 64,Justin Pipe,6494,Bernie Smith,2171,3,2,Justin Pipe,6494,Bernie Smith,2171
World Championship,8808,2018,Last 64,Simon Whitlock,1500,Martin Schindler,16749,3,1,Simon Whitlock,1500,Martin Schindler,16749
World Championship,8808,2018,Last 64,Michael Smith,6025,Steve Lennon,12746,3,2,Michael Smith,6025,Steve Lennon,12746
World Championship,8808,2018,Last 64,Kevin Munch,1940,Adrian Lewis,5,3,1,Kevin Munch,1940,Adrian Lewis,5
World Championship,8808,2018,Last 64,John Henderson,1936,Marko Kantele,89,3,0,John Henderson,1936,Marko Kantele,89
World Championship,8808,2018,Last 64,Raymond van Barneveld,2,Richard North,8910,3,0,Raymond van Barneveld,2,Richard North,8910
World Championship,8808,2018,Last 64,Paul Lim,1566,Mark Webster,191,3,2,Paul Lim,1566,Mark Webster,191
World Championship,8808,2018,Last 64,Mensur Suljovic,1933,Kevin Painter,18,3,0,Mensur Suljovic,1933,Kevin Painter,18
World Championship,8808,2018,Last 64,Daryl Gurney,2479,Ronny Huybrechts,1558,3,1,Daryl Gurney,2479,Ronny Huybrechts,1558
World Championship,8808,2018,Last 64,Keegan Brown,10548,James Wade,11,3,2,Keegan Brown,10548,James Wade,11
World Championship,8808,2018,Last 64,Alan Norris,2388,Kim Viljanen,95,3,0,Alan Norris,2388,Kim Viljanen,95
World Championship,8808,2018,Last 64,Jamie Lewis,3294,Jonny Clayton,6861,3,0,Jamie Lewis,3294,Jonny Clayton,6861
World Championship,8808,2018,Last 64,Kyle Anderson,2172,Peter Jacques,5538,3,1,Kyle Anderson,2172,Peter Jacques,5538
World Championship,8808,2018,Last 64,Vincent van der Voort,1499,Dave Chisnall,4101,3,0,Vincent van der Voort,1499,Dave Chisnall,4101
World Championship,8808,2018,Last 64,Ian White,2213,Cody Harris,3944,3,1,Ian White,2213,Cody Harris,3944
World Championship,8808,2018,Last 64,Zoran Lerchbacher,5184,Mervyn King,168,3,2,Zoran Lerchbacher,5184,Mervyn King,168
World Championship,8808,2018,Last 64,Jermaine Wattimena,7462,Joe Cullen,6487,3,2,Jermaine Wattimena,7462,Joe Cullen,6487
World Championship,8808,2018,Last 64,Steve West,1661,Benito van de Pas,8985,3,1,Steve West,1661,Benito van de Pas,8985
World Championship,8808,2018,Last 64,Gary Anderson,181,Jeff Smith,4965,3,0,Gary Anderson,181,Jeff Smith,4965
World Championship,8808,2018,Last 64,Jan Dekker,2255,Jelle Klaasen,1511,3,1,Jan Dekker,2255,Jelle Klaasen,1511
World Championship,8808,2018,Last 64,Robert Thornton,1543,Brendan Dolan,1607,3,1,Robert Thornton,1543,Brendan Dolan,1607
World Championship,8808,2018,Last 64,Rob Cross,18934,Seigo Asada,13768,3,0,Rob Cross,18934,Seigo Asada,13768
World Championship,8808,2018,Last 64,Phil Taylor,1,Chris Dobey,16076,3,1,Phil Taylor,1,Chris Dobey,16076
World Championship,8808,2018,Last 64,Dimitri van den Bergh,11656,Stephen Bunting,192,3,1,Dimitri van den Bergh,11656,Stephen Bunting,192
World Championship,8808,2018,Last 64,Steve Beaton,33,William O'Connor,8798,3,1,Steve Beaton,33,William O'Connor,8798
World Championship,8808,2018,Last 64,Gerwyn Price,16492,Ted Evetts,16705,3,0,Gerwyn Price,16492,Ted Evetts,16705
World Championship,8808,2018,Last 64,James Wilson,2559,Krzysztof Ratajski,5422,3,1,James Wilson,2559,Krzysztof Ratajski,5422
World Championship,8808,2018,Last 64,Michael van Gerwen,1395,Christian Kist,8797,3,1,Michael van Gerwen,1395,Christian Kist,8797
World Championship,8808,2018,Last 32,Darren Webster,34,Simon Whitlock,1500,4,1,Darren Webster,34,Simon Whitlock,1500
World Championship,8808,2018,Last 32,Toni Alcinas,4072,Kevin Munch,1940,4,1,Toni Alcinas,4072,Kevin Munch,1940
World Championship,8808,2018,Last 32,James Richardson,7116,Alan Norris,2388,4,1,James Richardson,7116,Alan Norris,2388
World Championship,8808,2018,Last 32,Jamie Lewis,3294,Peter Wright,1463,4,1,Jamie Lewis,3294,Peter Wright,1463
World Championship,8808,2018,Last 32,Keegan Brown,10548,Zoran Lerchbacher,5184,4,2,Keegan Brown,10548,Zoran Lerchbacher,5184
World Championship,8808,2018,Last 32,Phil Taylor,1,Justin Pipe,6494,4,0,Phil Taylor,1,Justin Pipe,6494
World Championship,8808,2018,Last 32,Steve West,1661,Jermaine Wattimena,7462,4,1,Steve West,1661,Jermaine Wattimena,7462
World Championship,8808,2018,Last 32,Rob Cross,18934,Michael Smith,6025,4,3,Rob Cross,18934,Michael Smith,6025
World Championship,8808,2018,Last 32,John Henderson,1936,Daryl Gurney,2479,4,2,John Henderson,1936,Daryl Gurney,2479
World Championship,8808,2018,Last 32,Raymond van Barneveld,2,Kyle Anderson,2172,4,1,Raymond van Barneveld,2,Kyle Anderson,2172
World Championship,8808,2018,Last 32,Gary Anderson,181,Paul Lim,1566,4,1,Gary Anderson,181,Paul Lim,1566
World Championship,8808,2018,Last 32,Dimitri van den Bergh,11656,Jan Dekker,2255,4,2,Dimitri van den Bergh,11656,Jan Dekker,2255
World Championship,8808,2018,Last 32,Mensur Suljovic,1933,Robert Thornton,1543,4,2,Mensur Suljovic,1933,Robert Thornton,1543
World Championship,8808,2018,Last 32,Vincent van der Voort,1499,Steve Beaton,33,4,0,Vincent van der Voort,1499,Steve Beaton,33
World Championship,8808,2018,Last 32,Gerwyn Price,16492,Ian White,2213,4,1,Gerwyn Price,16492,Ian White,2213
World Championship,8808,2018,Last 32,Michael van Gerwen,1395,James Wilson,2559,4,0,Michael van Gerwen,1395,James Wilson,2559
World Championship,8808,2018,Last 16,Phil Taylor,1,Keegan Brown,10548,4,0,Phil Taylor,1,Keegan Brown,10548
World Championship,8808,2018,Last 16,Gary Anderson,181,Steve West,1661,4,2,Gary Anderson,181,Steve West,1661
World Championship,8808,2018,Last 16,Darren Webster,34,Toni Alcinas,4072,4,0,Darren Webster,34,Toni Alcinas,4072
World Championship,8808,2018,Last 16,Jamie Lewis,3294,James Richardson,7116,4,1,Jamie Lewis,3294,James Richardson,7116
World Championship,8808,2018,Last 16,Dimitri van den Bergh,11656,Mensur Suljovic,1933,4,0,Dimitri van den Bergh,11656,Mensur Suljovic,1933
World Championship,8808,2018,Last 16,Rob Cross,18934,John Henderson,1936,4,1,Rob Cross,18934,John Henderson,1936
World Championship,8808,2018,Last 16,Raymond van Barneveld,2,Vincent van der Voort,1499,4,1,Raymond van Barneveld,2,Vincent van der Voort,1499
World Championship,8808,2018,Last 16,Michael van Gerwen,1395,Gerwyn Price,16492,4,2,Michael van Gerwen,1395,Gerwyn Price,16492
World Championship,8808,2018,Quarter Final,Phil Taylor,1,Gary Anderson,181,5,3,Phil Taylor,1,Gary Anderson,181
World Championship,8808,2018,Quarter Final,Jamie Lewis,3294,Darren Webster,34,5,0,Jamie Lewis,3294,Darren Webster,34
World Championship,8808,2018,Quarter Final,Rob Cross,18934,Dimitri van den Bergh,11656,5,4,Rob Cross,18934,Dimitri van den Bergh,11656
World Championship,8808,2018,Quarter Final,Michael van Gerwen,1395,Raymond van Barneveld,2,5,4,Michael van Gerwen,1395,Raymond van Barneveld,2
World Championship,8808,2018,Semi Final,Phil Taylor,1,Jamie Lewis,3294,6,1,Phil Taylor,1,Jamie Lewis,3294
World Championship,8808,2018,Semi Final,Rob Cross,18934,Michael van Gerwen,1395,6,5,Rob Cross,18934,Michael van Gerwen,1395
World Championship,8808,2018,Final,Rob Cross,18934,Phil Taylor,1,7,2,Rob Cross,18934,Phil Taylor,1
World Championship,8809,2019,Last 96,Noel Malicdem,63549,Jeffrey de Graaf,10396,3,2,Noel Malicdem,63549,Jeffrey de Graaf,10396
World Championship,8809,2019,Last 96,Nathan Aspinall,13326,Geert Nentjes,23012,3,0,Nathan Aspinall,13326,Geert Nentjes,23012
World Championship,8809,2019,Last 96,Ron Meulenkamp,937,Diogo Portela,16009,3,2,Ron Meulenkamp,937,Diogo Portela,16009
World Championship,8809,2019,Last 96,Dimitri van den Bergh,11656,Chuck Puleo,48950,3,0,Dimitri van den Bergh,11656,Chuck Puleo,48950
World Championship,8809,2019,Last 96,Rowby-John Rodriguez,9750,Ricky Evans,1734,3,1,Rowby-John Rodriguez,9750,Ricky Evans,1734
World Championship,8809,2019,Last 96,Daniel Larsson,2381,Robert Thornton,1543,3,1,Daniel Larsson,2381,Robert Thornton,1543
World Championship,8809,2019,Last 96,Seigo Asada,13768,Krzysztof Ratajski,5422,3,2,Seigo Asada,13768,Krzysztof Ratajski,5422
World Championship,8809,2019,Last 96,Steve Lennon,12746,James Bailey,4130,3,0,Steve Lennon,12746,James Bailey,4130
World Championship,8809,2019,Last 96,Devon Petersen,9003,Wayne Jones,25,3,2,Devon Petersen,9003,Wayne Jones,25
World Championship,8809,2019,Last 96,Vincent van der Voort,1499,Lourence Ilagan,2167,3,1,Vincent van der Voort,1499,Lourence Ilagan,2167
World Championship,8809,2019,Last 96,Ryan Joyce,16151,Anastasia Dobromyslova,3853,3,0,Ryan Joyce,16151,Anastasia Dobromyslova,3853
World Championship,8809,2019,Last 96,Brendan Dolan,1607,Yuanjun Liu,17766,3,0,Brendan Dolan,1607,Yuanjun Liu,17766
World Championship,8809,2019,Last 96,Gabriel Clemens,3097,Aden Kirk,10682,3,0,Gabriel Clemens,3097,Aden Kirk,10682
World Championship,8809,2019,Last 96,William O'Connor,8798,Yordi Meeuwisse,8168,3,0,William O'Connor,8798,Yordi Meeuwisse,8168
World Championship,8809,2019,Last 96,Luke Humphries,11822,Adam Hunt,10575,3,0,Luke Humphries,11822,Adam Hunt,10575
World Championship,8809,2019,Last 96,Ross Smith,1596,Paul Lim,1566,3,1,Ross Smith,1596,Paul Lim,1566
World Championship,8809,2019,Last 96,Darius Labanauskas,4333,Matthew Edgar,5323,3,1,Darius Labanauskas,4333,Matthew Edgar,5323
World Championship,8809,2019,Last 96,Toni Alcinas,4072,Craig Ross,6567,3,0,Toni Alcinas,4072,Craig Ross,6567
World Championship,8809,2019,Last 96,Ryan Searle,10584,Stephen Burton,15499,3,0,Ryan Searle,10584,Stephen Burton,15499
World Championship,8809,2019,Last 96,Keegan Brown,10548,Karel Sedlacek,4885,3,0,Keegan Brown,10548,Karel Sedlacek,4885
World Championship,8809,2019,Last 96,Richard North,8910,Robert Marijanovic,11545,3,2,Richard North,8910,Robert Marijanovic,11545
World Championship,8809,2019,Last 96,Jim Long,4957,Mickey Mansell,4083,3,1,Jim Long,4957,Mickey Mansell,4083
World Championship,8809,2019,Last 96,Josh Payne,8236,Jeff Smith,4965,3,2,Josh Payne,8236,Jeff Smith,4965
World Championship,8809,2019,Last 96,Chris Dobey,16076,Boris Koltsov,14210,3,0,Chris Dobey,16076,Boris Koltsov,14210
World Championship,8809,2019,Last 96,Michael Barnard,1399,Jose de Sousa,12892,3,2,Michael Barnard,1399,Jose de Sousa,12892
World Championship,8809,2019,Last 96,Kevin Burness,5539,Paul Nicholson,5212,3,0,Kevin Burness,5539,Paul Nicholson,5212
World Championship,8809,2019,Last 96,Ted Evetts,16705,Simon Stevenson,16669,3,0,Ted Evetts,16705,Simon Stevenson,16669
World Championship,8809,2019,Last 96,Danny Noppert,13202,Royden Lam,5643,3,0,Danny Noppert,13202,Royden Lam,5643
World Championship,8809,2019,Last 96,Alan Tabern,23,Raymond Smith,6978,3,2,Alan Tabern,23,Raymond Smith,6978
World Championship,8809,2019,Last 96,Jan Dekker,2255,Lisa Ashton,5619,3,1,Jan Dekker,2255,Lisa Ashton,5619
World Championship,8809,2019,Last 96,Jeffrey de Zwaan,11969,Nitin Kumar,4929,3,0,Jeffrey de Zwaan,11969,Nitin Kumar,4929
World Championship,8809,2019,Last 96,Cody Harris,3944,Martin Schindler,16749,3,2,Cody Harris,3944,Martin Schindler,16749
World Championship,8809,2019,Last 64,Steve West,1661,Richard North,8910,3,1,Steve West,1661,Richard North,8910
World Championship,8809,2019,Last 64,Devon Petersen,9003,Ian White,2213,3,2,Devon Petersen,9003,Ian White,2213
World Championship,8809,2019,Last 64,Kyle Anderson,2172,Noel Malicdem,63549,3,1,Kyle Anderson,2172,Noel Malicdem,63549
World Championship,8809,2019,Last 64,Nathan Aspinall,13326,Gerwyn Price,16492,3,2,Nathan Aspinall,13326,Gerwyn Price,16492
World Championship,8809,2019,Last 64,Benito van de Pas,8985,Jim Long,4957,3,2,Benito van de Pas,8985,Jim Long,4957
World Championship,8809,2019,Last 64,John Henderson,1936,Gabriel Clemens,3097,3,2,John Henderson,1936,Gabriel Clemens,3097
World Championship,8809,2019,Last 64,Dimitri van den Bergh,11656,Jonny Clayton,6861,3,1,Dimitri van den Bergh,11656,Jonny Clayton,6861
World Championship,8809,2019,Last 64,Keegan Brown,10548,Jelle Klaasen,1511,3,1,Keegan Brown,10548,Jelle Klaasen,1511
World Championship,8809,2019,Last 64,Mervyn King,168,Jan Dekker,2255,3,2,Mervyn King,168,Jan Dekker,2255
World Championship,8809,2019,Last 64,Ryan Searle,10584,Mensur Suljovic,1933,3,1,Ryan Searle,10584,Mensur Suljovic,1933
World Championship,8809,2019,Last 64,Luke Humphries,11822,Stephen Bunting,192,3,1,Luke Humphries,11822,Stephen Bunting,192
World Championship,8809,2019,Last 64,Cristo Reyes,17734,Rowby-John Rodriguez,9750,3,2,Cristo Reyes,17734,Rowby-John Rodriguez,9750
World Championship,8809,2019,Last 64,Chris Dobey,16076,Steve Beaton,33,3,0,Chris Dobey,16076,Steve Beaton,33
World Championship,8809,2019,Last 64,Jermaine Wattimena,7462,Michael Barnard,1399,3,0,Jermaine Wattimena,7462,Michael Barnard,1399
World Championship,8809,2019,Last 64,Alan Norris,2388,Steve Lennon,12746,3,2,Alan Norris,2388,Steve Lennon,12746
World Championship,8809,2019,Last 64,Adrian Lewis,5,Ted Evetts,16705,3,0,Adrian Lewis,5,Ted Evetts,16705
World Championship,8809,2019,Last 64,Brendan Dolan,1607,Joe Cullen,6487,3,0,Brendan Dolan,1607,Joe Cullen,6487
World Championship,8809,2019,Last 64,Michael Smith,6025,Ron Meulenkamp,937,3,1,Michael Smith,6025,Ron Meulenkamp,937
World Championship,8809,2019,Last 64,William O'Connor,8798,James Wilson,2559,3,2,William O'Connor,8798,James Wilson,2559
World Championship,8809,2019,Last 64,Kim Huybrechts,1633,Daniel Larsson,2381,3,0,Kim Huybrechts,1633,Daniel Larsson,2381
World Championship,8809,2019,Last 64,James Wade,11,Seigo Asada,13768,3,2,James Wade,11,Seigo Asada,13768
World Championship,8809,2019,Last 64,Ryan Joyce,16151,Simon Whitlock,1500,3,0,Ryan Joyce,16151,Simon Whitlock,1500
World Championship,8809,2019,Last 64,Daryl Gurney,2479,Ross Smith,1596,3,0,Daryl Gurney,2479,Ross Smith,1596
World Championship,8809,2019,Last 64,Vincent van der Voort,1499,Darren Webster,34,3,0,Vincent van der Voort,1499,Darren Webster,34
World Championship,8809,2019,Last 64,Darius Labanauskas,4333,Raymond van Barneveld,2,3,2,Darius Labanauskas,4333,Raymond van Barneveld,2
World Championship,8809,2019,Last 64,Toni Alcinas,4072,Peter Wright,1463,3,1,Toni Alcinas,4072,Peter Wright,1463
World Championship,8809,2019,Last 64,Dave Chisnall,4101,Josh Payne,8236,3,2,Dave Chisnall,4101,Josh Payne,8236
World Championship,8809,2019,Last 64,Michael van Gerwen,1395,Alan Tabern,23,3,1,Michael van Gerwen,1395,Alan Tabern,23
World Championship,8809,2019,Last 64,Max Hopp,12671,Danny Noppert,13202,3,0,Max Hopp,12671,Danny Noppert,13202
World Championship,8809,2019,Last 64,Jamie Lewis,3294,Cody Harris,3944,3,2,Jamie Lewis,3294,Cody Harris,3944
World Championship,8809,2019,Last 64,Gary Anderson,181,Kevin Burness,5539,3,1,Gary Anderson,181,Kevin Burness,5539
World Championship,8809,2019,Last 64,Rob Cross,18934,Jeffrey de Zwaan,11969,3,1,Rob Cross,18934,Jeffrey de Zwaan,11969
World Championship,8809,2019,Last 32,Devon Petersen,9003,Steve West,1661,4,2,Devon Petersen,9003,Steve West,1661
World Championship,8809,2019,Last 32,Benito van de Pas,8985,Toni Alcinas,4072,4,2,Benito van de Pas,8985,Toni Alcinas,4072
World Championship,8809,2019,Last 32,Michael Smith,6025,John Henderson,1936,4,2,Michael Smith,6025,John Henderson,1936
World Championship,8809,2019,Last 32,Luke Humphries,11822,Dimitri van den Bergh,11656,4,1,Luke Humphries,11822,Dimitri van den Bergh,11656
World Championship,8809,2019,Last 32,Nathan Aspinall,13326,Kyle Anderson,2172,4,1,Nathan Aspinall,13326,Kyle Anderson,2172
World Championship,8809,2019,Last 32,Brendan Dolan,1607,Mervyn King,168,4,2,Brendan Dolan,1607,Mervyn King,168
World Championship,8809,2019,Last 32,Rob Cross,18934,Cristo Reyes,17734,4,0,Rob Cross,18934,Cristo Reyes,17734
World Championship,8809,2019,Last 32,Chris Dobey,16076,Vincent van der Voort,1499,4,3,Chris Dobey,16076,Vincent van der Voort,1499
World Championship,8809,2019,Last 32,James Wade,11,Keegan Brown,10548,4,3,James Wade,11,Keegan Brown,10548
World Championship,8809,2019,Last 32,Adrian Lewis,5,Darius Labanauskas,4333,4,0,Adrian Lewis,5,Darius Labanauskas,4333
World Championship,8809,2019,Last 32,Ryan Searle,10584,William O'Connor,8798,4,1,Ryan Searle,10584,William O'Connor,8798
World Championship,8809,2019,Last 32,Dave Chisnall,4101,Kim Huybrechts,1633,4,0,Dave Chisnall,4101,Kim Huybrechts,1633
World Championship,8809,2019,Last 32,Jamie Lewis,3294,Daryl Gurney,2479,4,3,Jamie Lewis,3294,Daryl Gurney,2479
World Championship,8809,2019,Last 32,Gary Anderson,181,Jermaine Wattimena,7462,4,3,Gary Anderson,181,Jermaine Wattimena,7462
World Championship,8809,2019,Last 32,Ryan Joyce,16151,Alan Norris,2388,4,3,Ryan Joyce,16151,Alan Norris,2388
World Championship,8809,2019,Last 32,Michael van Gerwen,1395,Max Hopp,12671,4,1,Michael van Gerwen,1395,Max Hopp,12671
World Championship,8809,2019,Last 16,Nathan Aspinall,13326,Devon Petersen,9003,4,3,Nathan Aspinall,13326,Devon Petersen,9003
World Championship,8809,2019,Last 16,Brendan Dolan,1607,Benito van de Pas,8985,4,1,Brendan Dolan,1607,Benito van de Pas,8985
World Championship,8809,2019,Last 16,Michael Smith,6025,Ryan Searle,10584,4,1,Michael Smith,6025,Ryan Searle,10584
World Championship,8809,2019,Last 16,Luke Humphries,11822,Rob Cross,18934,4,2,Luke Humphries,11822,Rob Cross,18934
World Championship,8809,2019,Last 16,Dave Chisnall,4101,Jamie Lewis,3294,4,0,Dave Chisnall,4101,Jamie Lewis,3294
World Championship,8809,2019,Last 16,Ryan Joyce,16151,James Wade,11,4,3,Ryan Joyce,16151,James Wade,11
World Championship,8809,2019,Last 16,Gary Anderson,181,Chris Dobey,16076,4,3,Gary Anderson,181,Chris Dobey,16076
World Championship,8809,2019,Last 16,Michael van Gerwen,1395,Adrian Lewis,5,4,1,Michael van Gerwen,1395,Adrian Lewis,5
World Championship,8809,2019,Quarter Final,Nathan Aspinall,13326,Brendan Dolan,1607,5,1,Nathan Aspinall,13326,Brendan Dolan,1607
World Championship,8809,2019,Quarter Final,Michael Smith,6025,Luke Humphries,11822,5,1,Michael Smith,6025,Luke Humphries,11822
World Championship,8809,2019,Quarter Final,Gary Anderson,181,Dave Chisnall,4101,5,2,Gary Anderson,181,Dave Chisnall,4101
World Championship,8809,2019,Quarter Final,Michael van Gerwen,1395,Ryan Joyce,16151,5,1,Michael van Gerwen,1395,Ryan Joyce,16151
World Championship,8809,2019,Semi Final,Michael Smith,6025,Nathan Aspinall,13326,6,3,Michael Smith,6025,Nathan Aspinall,13326
World Championship,8809,2019,Semi Final,Michael van Gerwen,1395,Gary Anderson,181,6,1,Michael van Gerwen,1395,Gary Anderson,181
World Championship,8809,2019,Final,Michael van Gerwen,1395,Michael Smith,6025,7,3,Michael van Gerwen,1395,Michael Smith,6025
World Championship,8810,2020,Last 96,Justin Pipe,6494,Benjamin Pratnemer,55198,3,2,Justin Pipe,6494,Benjamin Pratnemer,55198
World Championship,8810,2020,Last 96,Jan Dekker,2255,Ryan Joyce,16151,3,2,Jan Dekker,2255,Ryan Joyce,16151
World Championship,8810,2020,Last 96,Ron Meulenkamp,937,Ben Robb,65862,3,0,Ron Meulenkamp,937,Ben Robb,65862
World Championship,8810,2020,Last 96,Harry Ward,16681,Madars Razma,9017,3,2,Harry Ward,16681,Madars Razma,9017
World Championship,8810,2020,Last 96,Seigo Asada,13768,Mickey Mansell,4083,3,0,Seigo Asada,13768,Mickey Mansell,4083
World Championship,8810,2020,Last 96,Nico Kurz,21733,James Wilson,2559,3,1,Nico Kurz,21733,James Wilson,2559
World Championship,8810,2020,Last 96,Josh Payne,8236,Diogo Portela,16009,3,0,Josh Payne,8236,Diogo Portela,16009
World Championship,8810,2020,Last 96,Benito van de Pas,8985,Gabriel Clemens,3097,3,2,Benito van de Pas,8985,Gabriel Clemens,3097
World Championship,8810,2020,Last 96,Noel Malicdem,63549,Rowby-John Rodriguez,9750,3,0,Noel Malicdem,63549,Rowby-John Rodriguez,9750
World Championship,8810,2020,Last 96,Ryan Searle,10584,Robbie King,10642,3,2,Ryan Searle,10584,Robbie King,10642
World Championship,8810,2020,Last 96,Cristo Reyes,17734,Lourence Ilagan,2167,3,2,Cristo Reyes,17734,Lourence Ilagan,2167
World Championship,8810,2020,Last 96,Fallon Sherrock,12670,Ted Evetts,16705,3,2,Fallon Sherrock,12670,Ted Evetts,16705
World Championship,8810,2020,Last 96,Damon Heta,4842,Jose de Sousa,12892,3,0,Damon Heta,4842,Jose de Sousa,12892
World Championship,8810,2020,Last 96,Ritchie Edhouse,17485,Boris Koltsov,14210,3,1,Ritchie Edhouse,17485,Boris Koltsov,14210
World Championship,8810,2020,Last 96,William O'Connor,8798,Marko Kantele,89,3,0,William O'Connor,8798,Marko Kantele,89
World Championship,8810,2020,Last 96,Vincent van der Voort,1499,Keane Barry,25478,3,0,Vincent van der Voort,1499,Keane Barry,25478
World Championship,8810,2020,Last 96,Callan Rydz,25544,Steve Lennon,12746,3,2,Callan Rydz,25544,Steve Lennon,12746
World Championship,8810,2020,Last 96,Ciaran Teehan,18263,Ross Smith,1596,3,0,Ciaran Teehan,18263,Ross Smith,1596
World Championship,8810,2020,Last 96,James Richardson,7116,Mikuru Suzuki,27977,3,2,James Richardson,7116,Mikuru Suzuki,27977
World Championship,8810,2020,Last 96,Danny Baggish,14452,Andy Boulton,98,3,2,Danny Baggish,14452,Andy Boulton,98
World Championship,8810,2020,Last 96,Brendan Dolan,1607,Nitin Kumar,4929,3,0,Brendan Dolan,1607,Nitin Kumar,4929
World Championship,8810,2020,Last 96,Kyle Anderson,2172,Xiao chen Zong,26867,3,2,Kyle Anderson,2172,Xiao chen Zong,26867
World Championship,8810,2020,Last 96,José Justicia,7584,Arron Monk,791,3,0,José Justicia,7584,Arron Monk,791
World Championship,8810,2020,Last 96,Darin Young,1380,Raymond van Barneveld,2,3,1,Darin Young,1380,Raymond van Barneveld,2
World Championship,8810,2020,Last 96,Zoran Lerchbacher,5184,Jamie Hughes,3833,3,2,Zoran Lerchbacher,5184,Jamie Hughes,3833
World Championship,8810,2020,Last 96,Yuki Yamada,2852,Ryan Meikle,18296,3,1,Yuki Yamada,2852,Ryan Meikle,18296
World Championship,8810,2020,Last 96,Luke Woodhouse,10621,Paul Lim,1566,3,0,Luke Woodhouse,10621,Paul Lim,1566
World Championship,8810,2020,Last 96,Darius Labanauskas,4333,Matthew Edgar,5323,3,0,Darius Labanauskas,4333,Matthew Edgar,5323
World Championship,8810,2020,Last 96,Mark McGeeney,10605,Matt Campbell,18872,3,1,Mark McGeeney,10605,Matt Campbell,18872
World Championship,8810,2020,Last 96,Luke Humphries,11822,Devon Petersen,9003,3,1,Luke Humphries,11822,Devon Petersen,9003
World Championship,8810,2020,Last 96,Kim Huybrechts,1633,Geert Nentjes,23012,3,2,Kim Huybrechts,1633,Geert Nentjes,23012
World Championship,8810,2020,Last 96,Jelle Klaasen,1511,Kevin Burness,5539,3,1,Jelle Klaasen,1511,Kevin Burness,5539
World Championship,8810,2020,Last 64,Fallon Sherrock,12670,Mensur Suljovic,1933,3,1,Fallon Sherrock,12670,Mensur Suljovic,1933
World Championship,8810,2020,Last 64,Glen Durrant,80,Damon Heta,4842,3,0,Glen Durrant,80,Damon Heta,4842
World Championship,8810,2020,Last 64,Daryl Gurney,2479,Justin Pipe,6494,3,0,Daryl Gurney,2479,Justin Pipe,6494
World Championship,8810,2020,Last 64,Simon Whitlock,1500,Harry Ward,16681,3,0,Simon Whitlock,1500,Harry Ward,16681
World Championship,8810,2020,Last 64,Seigo Asada,13768,Keegan Brown,10548,3,2,Seigo Asada,13768,Keegan Brown,10548
World Championship,8810,2020,Last 64,Ryan Searle,10584,Steve West,1661,3,0,Ryan Searle,10584,Steve West,1661
World Championship,8810,2020,Last 64,Adrian Lewis,5,Cristo Reyes,17734,3,2,Adrian Lewis,5,Cristo Reyes,17734
World Championship,8810,2020,Last 64,Dimitri van den Bergh,11656,Josh Payne,8236,3,0,Dimitri van den Bergh,11656,Josh Payne,8236
World Championship,8810,2020,Last 64,Mervyn King,168,Ciaran Teehan,18263,3,2,Mervyn King,168,Ciaran Teehan,18263
World Championship,8810,2020,Last 64,Peter Wright,1463,Noel Malicdem,63549,3,2,Peter Wright,1463,Noel Malicdem,63549
World Championship,8810,2020,Last 64,Nico Kurz,21733,Joe Cullen,6487,3,1,Nico Kurz,21733,Joe Cullen,6487
World Championship,8810,2020,Last 64,Nathan Aspinall,13326,Danny Baggish,14452,3,1,Nathan Aspinall,13326,Danny Baggish,14452
World Championship,8810,2020,Last 64,Darren Webster,34,Yuki Yamada,2852,3,0,Darren Webster,34,Yuki Yamada,2852
World Championship,8810,2020,Last 64,Max Hopp,12671,Benito van de Pas,8985,3,2,Max Hopp,12671,Benito van de Pas,8985
World Championship,8810,2020,Last 64,Jonny Clayton,6861,Jan Dekker,2255,3,0,Jonny Clayton,6861,Jan Dekker,2255
World Championship,8810,2020,Last 64,Ricky Evans,1734,Mark McGeeney,10605,3,1,Ricky Evans,1734,Mark McGeeney,10605
World Championship,8810,2020,Last 64,Chris Dobey,16076,Ron Meulenkamp,937,3,2,Chris Dobey,16076,Ron Meulenkamp,937
World Championship,8810,2020,Last 64,John Henderson,1936,James Richardson,7116,3,0,John Henderson,1936,James Richardson,7116
World Championship,8810,2020,Last 64,Gerwyn Price,16492,William O'Connor,8798,3,2,Gerwyn Price,16492,William O'Connor,8798
World Championship,8810,2020,Last 64,Dave Chisnall,4101,Vincent van der Voort,1499,3,1,Dave Chisnall,4101,Vincent van der Voort,1499
World Championship,8810,2020,Last 64,Danny Noppert,13202,Callan Rydz,25544,3,2,Danny Noppert,13202,Callan Rydz,25544
World Championship,8810,2020,Last 64,Steve Beaton,33,Kyle Anderson,2172,3,1,Steve Beaton,33,Kyle Anderson,2172
World Championship,8810,2020,Last 64,James Wade,11,Ritchie Edhouse,17485,3,0,James Wade,11,Ritchie Edhouse,17485
World Championship,8810,2020,Last 64,Stephen Bunting,192,José Justicia,7584,3,2,Stephen Bunting,192,José Justicia,7584
World Championship,8810,2020,Last 64,Krzysztof Ratajski,5422,Zoran Lerchbacher,5184,3,1,Krzysztof Ratajski,5422,Zoran Lerchbacher,5184
World Championship,8810,2020,Last 64,Jeffrey de Zwaan,11969,Darin Young,1380,3,2,Jeffrey de Zwaan,11969,Darin Young,1380
World Championship,8810,2020,Last 64,Gary Anderson,181,Brendan Dolan,1607,3,0,Gary Anderson,181,Brendan Dolan,1607
World Championship,8810,2020,Last 64,Luke Woodhouse,10621,Michael Smith,6025,3,1,Luke Woodhouse,10621,Michael Smith,6025
World Championship,8810,2020,Last 64,Darius Labanauskas,4333,Ian White,2213,3,1,Darius Labanauskas,4333,Ian White,2213
World Championship,8810,2020,Last 64,Luke Humphries,11822,Jermaine Wattimena,7462,3,2,Luke Humphries,11822,Jermaine Wattimena,7462
World Championship,8810,2020,Last 64,Kim Huybrechts,1633,Rob Cross,18934,3,0,Kim Huybrechts,1633,Rob Cross,18934
World Championship,8810,2020,Last 64,Michael van Gerwen,1395,Jelle Klaasen,1511,3,1,Michael van Gerwen,1395,Jelle Klaasen,1511
World Championship,8810,2020,Last 32,Chris Dobey,16076,Fallon Sherrock,12670,4,2,Chris Dobey,16076,Fallon Sherrock,12670
World Championship,8810,2020,Last 32,Glen Durrant,80,Daryl Gurney,2479,4,2,Glen Durrant,80,Daryl Gurney,2479
World Championship,8810,2020,Last 32,Simon Whitlock,1500,Mervyn King,168,4,1,Simon Whitlock,1500,Mervyn King,168
World Championship,8810,2020,Last 32,Gerwyn Price,16492,John Henderson,1936,4,0,Gerwyn Price,16492,John Henderson,1936
World Championship,8810,2020,Last 32,Jeffrey de Zwaan,11969,Dave Chisnall,4101,4,3,Jeffrey de Zwaan,11969,Dave Chisnall,4101
World Championship,8810,2020,Last 32,Peter Wright,1463,Seigo Asada,13768,4,2,Peter Wright,1463,Seigo Asada,13768
World Championship,8810,2020,Last 32,Luke Humphries,11822,Nico Kurz,21733,4,2,Luke Humphries,11822,Nico Kurz,21733
World Championship,8810,2020,Last 32,Gary Anderson,181,Ryan Searle,10584,4,3,Gary Anderson,181,Ryan Searle,10584
World Championship,8810,2020,Last 32,Adrian Lewis,5,Darren Webster,34,4,3,Adrian Lewis,5,Darren Webster,34
World Championship,8810,2020,Last 32,Dimitri van den Bergh,11656,Luke Woodhouse,10621,4,2,Dimitri van den Bergh,11656,Luke Woodhouse,10621
World Championship,8810,2020,Last 32,Kim Huybrechts,1633,Danny Noppert,13202,4,2,Kim Huybrechts,1633,Danny Noppert,13202
World Championship,8810,2020,Last 32,Nathan Aspinall,13326,Krzysztof Ratajski,5422,4,3,Nathan Aspinall,13326,Krzysztof Ratajski,5422
World Championship,8810,2020,Last 32,Darius Labanauskas,4333,Max Hopp,12671,4,2,Darius Labanauskas,4333,Max Hopp,12671
World Championship,8810,2020,Last 32,Steve Beaton,33,James Wade,11,4,2,Steve Beaton,33,James Wade,11
World Championship,8810,2020,Last 32,Stephen Bunting,192,Jonny Clayton,6861,4,0,Stephen Bunting,192,Jonny Clayton,6861
World Championship,8810,2020,Last 32,Michael van Gerwen,1395,Ricky Evans,1734,4,0,Michael van Gerwen,1395,Ricky Evans,1734
World Championship,8810,2020,Last 16,Glen Durrant,80,Chris Dobey,16076,4,3,Glen Durrant,80,Chris Dobey,16076
World Championship,8810,2020,Last 16,Gerwyn Price,16492,Simon Whitlock,1500,4,2,Gerwyn Price,16492,Simon Whitlock,1500
World Championship,8810,2020,Last 16,Peter Wright,1463,Jeffrey de Zwaan,11969,4,3,Peter Wright,1463,Jeffrey de Zwaan,11969
World Championship,8810,2020,Last 16,Luke Humphries,11822,Kim Huybrechts,1633,4,1,Luke Humphries,11822,Kim Huybrechts,1633
World Championship,8810,2020,Last 16,Dimitri van den Bergh,11656,Adrian Lewis,5,4,3,Dimitri van den Bergh,11656,Adrian Lewis,5
World Championship,8810,2020,Last 16,Darius Labanauskas,4333,Steve Beaton,33,4,2,Darius Labanauskas,4333,Steve Beaton,33
World Championship,8810,2020,Last 16,Nathan Aspinall,13326,Gary Anderson,181,4,2,Nathan Aspinall,13326,Gary Anderson,181
World Championship,8810,2020,Last 16,Michael van Gerwen,1395,Stephen Bunting,192,4,0,Michael van Gerwen,1395,Stephen Bunting,192
World Championship,8810,2020,Quarter Final,Gerwyn Price,16492,Glen Durrant,80,5,1,Gerwyn Price,16492,Glen Durrant,80
World Championship,8810,2020,Quarter Final,Peter Wright,1463,Luke Humphries,11822,5,3,Peter Wright,1463,Luke Humphries,11822
World Championship,8810,2020,Quarter Final,Nathan Aspinall,13326,Dimitri van den Bergh,11656,5,3,Nathan Aspinall,13326,Dimitri van den Bergh,11656
World Championship,8810,2020,Quarter Final,Michael van Gerwen,1395,Darius Labanauskas,4333,5,2,Michael van Gerwen,1395,Darius Labanauskas,4333
World Championship,8810,2020,Semi Final,Peter Wright,1463,Gerwyn Price,16492,6,3,Peter Wright,1463,Gerwyn Price,16492
World Championship,8810,2020,Semi Final,Michael van Gerwen,1395,Nathan Aspinall,13326,6,3,Michael van Gerwen,1395,Nathan Aspinall,13326
World Championship,8810,2020,Final,Peter Wright,1463,Michael van Gerwen,1395,7,3,Peter Wright,1463,Michael van Gerwen,1395
World Championship,24218,2021,Last 96,Jeff Smith,4965,Keane Barry,25478,3,1,Jeff Smith,4965,Keane Barry,25478
World Championship,24218,2021,Last 96,William O'Connor,8798,Niels Zonneveld,66017,3,0,William O'Connor,8798,Niels Zonneveld,66017
World Championship,24218,2021,Last 96,Ron Meulenkamp,937,Boris Krcmar,6571,3,1,Ron Meulenkamp,937,Boris Krcmar,6571
World Championship,24218,2021,Last 96,Scott Waites,1987,Matt Campbell,18872,3,2,Scott Waites,1987,Matt Campbell,18872
World Championship,24218,2021,Last 96,Max Hopp,12671,Gordon Mathers,12573,3,0,Max Hopp,12671,Gordon Mathers,12573
World Championship,24218,2021,Last 96,Ross Smith,1596,David Evans,2117,3,0,Ross Smith,1596,David Evans,2117
World Championship,24218,2021,Last 96,Edward Foulkes,74973,Mike de Decker,16530,3,0,Edward Foulkes,74973,Mike de Decker,16530
World Championship,24218,2021,Last 96,Jamie Lewis,3294,Luke Woodhouse,10621,3,2,Jamie Lewis,3294,Luke Woodhouse,10621
World Championship,24218,2021,Last 96,Ryan Searle,10584,Danny Lauby II,9978,3,2,Ryan Searle,10584,Danny Lauby II,9978
World Championship,24218,2021,Last 96,Kim Huybrechts,1633,Di Zhuang,26958,3,0,Kim Huybrechts,1633,Di Zhuang,26958
World Championship,24218,2021,Last 96,Andy Boulton,98,Deta Hedman,1490,3,1,Andy Boulton,98,Deta Hedman,1490
World Championship,24218,2021,Last 96,Callan Rydz,25544,James Bailey,4130,3,1,Callan Rydz,25544,James Bailey,4130
World Championship,24218,2021,Last 96,Darius Labanauskas,4333,Chengan Liu,74974,3,0,Darius Labanauskas,4333,Chengan Liu,74974
World Championship,24218,2021,Last 96,Ryan Joyce,16151,Karel Sedlacek,4885,3,2,Ryan Joyce,16151,Karel Sedlacek,4885
World Championship,24218,2021,Last 96,Nico Kurz,21733,Andy Hamilton,12,3,1,Nico Kurz,21733,Andy Hamilton,12
World Championship,24218,2021,Last 96,Steve West,1661,Amit Gilitwala,13853,3,0,Steve West,1661,Amit Gilitwala,13853
World Championship,24218,2021,Last 96,Danny Baggish,14452,Damon Heta,4842,3,2,Danny Baggish,14452,Damon Heta,4842
World Championship,24218,2021,Last 96,Diogo Portela,16009,Steve Beaton,33,3,0,Diogo Portela,16009,Steve Beaton,33
World Championship,24218,2021,Last 96,Adam Hunt,10575,Lisa Ashton,5619,3,2,Adam Hunt,10575,Lisa Ashton,5619
World Championship,24218,2021,Last 96,Dirk van Duijvenbode,10070,Bradley Brooks,18325,3,2,Dirk van Duijvenbode,10070,Bradley Brooks,18325
World Championship,24218,2021,Last 96,Matthew Edgar,5323,Maik Kuivenhoven,25506,3,0,Matthew Edgar,5323,Maik Kuivenhoven,25506
World Championship,24218,2021,Last 96,Madars Razma,9017,Toru Suzuki,74972,3,0,Madars Razma,9017,Toru Suzuki,74972
World Championship,24218,2021,Last 96,Steve Lennon,12746,Daniel Larsson,2381,3,1,Steve Lennon,12746,Daniel Larsson,2381
World Championship,24218,2021,Last 96,Jason Lowe,1489,Dmitry Gorbunov,25616,3,1,Jason Lowe,1489,Dmitry Gorbunov,25616
World Championship,24218,2021,Last 96,Nick Kenny,10013,Derk Telnekes,21802,3,2,Nick Kenny,10013,Derk Telnekes,21802
World Championship,24218,2021,Last 96,Paul Lim,1566,Luke Humphries,11822,3,2,Paul Lim,1566,Luke Humphries,11822
World Championship,24218,2021,Last 96,Cameron Carolissen,74971,Martijn Kleermaker,17086,0,0,Martijn Kleermaker,17086,Cameron Carolissen,74971
World Championship,24218,2021,Last 96,Keegan Brown,10548,Ryan Meikle,18296,3,0,Keegan Brown,10548,Ryan Meikle,18296
World Championship,24218,2021,Last 96,John Henderson,1936,Marko Kantele,89,3,2,John Henderson,1936,Marko Kantele,89
World Championship,24218,2021,Last 96,Wayne Jones,25,Ciaran Teehan,18263,3,2,Wayne Jones,25,Ciaran Teehan,18263
World Championship,24218,2021,Last 96,Mickey Mansell,4083,Haupai Puha,24349,3,0,Mickey Mansell,4083,Haupai Puha,24349
World Championship,24218,2021,Last 96,Ryan Murray,9850,Lourence Ilagan,2167,3,1,Ryan Murray,9850,Lourence Ilagan,2167
World Championship,24218,2021,Last 64,Chris Dobey,16076,Jeff Smith,4965,3,2,Chris Dobey,16076,Jeff Smith,4965
World Championship,24218,2021,Last 64,Daryl Gurney,2479,William O'Connor,8798,3,2,Daryl Gurney,2479,William O'Connor,8798
World Championship,24218,2021,Last 64,Vincent van der Voort,1499,Ron Meulenkamp,937,3,2,Vincent van der Voort,1499,Ron Meulenkamp,937
World Championship,24218,2021,Last 64,Nathan Aspinall,13326,Scott Waites,1987,3,2,Nathan Aspinall,13326,Scott Waites,1987
World Championship,24218,2021,Last 64,Mervyn King,168,Max Hopp,12671,3,1,Mervyn King,168,Max Hopp,12671
World Championship,24218,2021,Last 64,Jose de Sousa,12892,Ross Smith,1596,3,1,Jose de Sousa,12892,Ross Smith,1596
World Championship,24218,2021,Last 64,Brendan Dolan,1607,Edward Foulkes,74973,3,1,Brendan Dolan,1607,Edward Foulkes,74973
World Championship,24218,2021,Last 64,Gerwyn Price,16492,Jamie Lewis,3294,3,2,Gerwyn Price,16492,Jamie Lewis,3294
World Championship,24218,2021,Last 64,Ryan Searle,10584,Jeffrey de Zwaan,11969,3,0,Ryan Searle,10584,Jeffrey de Zwaan,11969
World Championship,24218,2021,Last 64,Kim Huybrechts,1633,Ian White,2213,3,1,Kim Huybrechts,1633,Ian White,2213
World Championship,24218,2021,Last 64,Stephen Bunting,192,Andy Boulton,98,3,2,Stephen Bunting,192,Andy Boulton,98
World Championship,24218,2021,Last 64,James Wade,11,Callan Rydz,25544,3,0,James Wade,11,Callan Rydz,25544
World Championship,24218,2021,Last 64,Simon Whitlock,1500,Darius Labanauskas,4333,3,2,Simon Whitlock,1500,Darius Labanauskas,4333
World Championship,24218,2021,Last 64,Krzysztof Ratajski,5422,Ryan Joyce,16151,3,0,Krzysztof Ratajski,5422,Ryan Joyce,16151
World Championship,24218,2021,Last 64,Gabriel Clemens,3097,Nico Kurz,21733,3,1,Gabriel Clemens,3097,Nico Kurz,21733
World Championship,24218,2021,Last 64,Peter Wright,1463,Steve West,1661,3,1,Peter Wright,1463,Steve West,1661
World Championship,24218,2021,Last 64,Danny Baggish,14452,Adrian Lewis,5,3,1,Danny Baggish,14452,Adrian Lewis,5
World Championship,24218,2021,Last 64,Glen Durrant,80,Diogo Portela,16009,3,0,Glen Durrant,80,Diogo Portela,16009
World Championship,24218,2021,Last 64,Adam Hunt,10575,Jamie Hughes,3833,3,0,Adam Hunt,10575,Jamie Hughes,3833
World Championship,24218,2021,Last 64,Dirk van Duijvenbode,10070,Rob Cross,18934,3,2,Dirk van Duijvenbode,10070,Rob Cross,18934
World Championship,24218,2021,Last 64,Mensur Suljovic,1933,Matthew Edgar,5323,3,1,Mensur Suljovic,1933,Matthew Edgar,5323
World Championship,24218,2021,Last 64,Gary Anderson,181,Madars Razma,9017,3,1,Gary Anderson,181,Madars Razma,9017
World Championship,24218,2021,Last 64,Devon Petersen,9003,Steve Lennon,12746,3,1,Devon Petersen,9003,Steve Lennon,12746
World Championship,24218,2021,Last 64,Jason Lowe,1489,Michael Smith,6025,3,1,Jason Lowe,1489,Michael Smith,6025
World Championship,24218,2021,Last 64,Jermaine Wattimena,7462,Nick Kenny,10013,3,1,Jermaine Wattimena,7462,Nick Kenny,10013
World Championship,24218,2021,Last 64,Dimitri van den Bergh,11656,Paul Lim,1566,3,0,Dimitri van den Bergh,11656,Paul Lim,1566
World Championship,24218,2021,Last 64,Danny Noppert,13202,Cameron Carolissen,74971,3,1,Danny Noppert,13202,Cameron Carolissen,74971
World Championship,24218,2021,Last 64,Dave Chisnall,4101,Keegan Brown,10548,3,1,Dave Chisnall,4101,Keegan Brown,10548
World Championship,24218,2021,Last 64,Jonny Clayton,6861,John Henderson,1936,3,1,Jonny Clayton,6861,John Henderson,1936
World Championship,24218,2021,Last 64,Joe Cullen,6487,Wayne Jones,25,3,0,Joe Cullen,6487,Wayne Jones,25
World Championship,24218,2021,Last 64,Ricky Evans,1734,Mickey Mansell,4083,3,1,Ricky Evans,1734,Mickey Mansell,4083
World Championship,24218,2021,Last 64,Michael van Gerwen,1395,Ryan Murray,9850,3,1,Michael van Gerwen,1395,Ryan Murray,9850
World Championship,24218,2021,Last 32,Daryl Gurney,2479,Chris Dobey,16076,4,1,Daryl Gurney,2479,Chris Dobey,16076
World Championship,24218,2021,Last 32,Vincent van der Voort,1499,Nathan Aspinall,13326,4,2,Vincent van der Voort,1499,Nathan Aspinall,13326
World Championship,24218,2021,Last 32,Mervyn King,168,Jose de Sousa,12892,4,0,Mervyn King,168,Jose de Sousa,12892
World Championship,24218,2021,Last 32,Gerwyn Price,16492,Brendan Dolan,1607,4,3,Gerwyn Price,16492,Brendan Dolan,1607
World Championship,24218,2021,Last 32,Ryan Searle,10584,Kim Huybrechts,1633,4,2,Ryan Searle,10584,Kim Huybrechts,1633
World Championship,24218,2021,Last 32,Stephen Bunting,192,James Wade,11,4,2,Stephen Bunting,192,James Wade,11
World Championship,24218,2021,Last 32,Krzysztof Ratajski,5422,Simon Whitlock,1500,4,0,Krzysztof Ratajski,5422,Simon Whitlock,1500
World Championship,24218,2021,Last 32,Gabriel Clemens,3097,Peter Wright,1463,4,3,Gabriel Clemens,3097,Peter Wright,1463
World Championship,24218,2021,Last 32,Glen Durrant,80,Danny Baggish,14452,4,2,Glen Durrant,80,Danny Baggish,14452
World Championship,24218,2021,Last 32,Dirk van Duijvenbode,10070,Adam Hunt,10575,4,0,Dirk van Duijvenbode,10070,Adam Hunt,10575
World Championship,24218,2021,Last 32,Gary Anderson,181,Mensur Suljovic,1933,4,3,Gary Anderson,181,Mensur Suljovic,1933
World Championship,24218,2021,Last 32,Devon Petersen,9003,Jason Lowe,1489,4,0,Devon Petersen,9003,Jason Lowe,1489
World Championship,24218,2021,Last 32,Dimitri van den Bergh,11656,Jermaine Wattimena,7462,4,0,Dimitri van den Bergh,11656,Jermaine Wattimena,7462
World Championship,24218,2021,Last 32,Dave Chisnall,4101,Danny Noppert,13202,4,2,Dave Chisnall,4101,Danny Noppert,13202
World Championship,24218,2021,Last 32,Joe Cullen,6487,Jonny Clayton,6861,4,3,Joe Cullen,6487,Jonny Clayton,6861
World Championship,24218,2021,Last 32,Michael van Gerwen,1395,Ricky Evans,1734,4,0,Michael van Gerwen,1395,Ricky Evans,1734
World Championship,24218,2021,Last 16,Daryl Gurney,2479,Vincent van der Voort,1499,4,2,Daryl Gurney,2479,Vincent van der Voort,1499
World Championship,24218,2021,Last 16,Gerwyn Price,16492,Mervyn King,168,4,1,Gerwyn Price,16492,Mervyn King,168
World Championship,24218,2021,Last 16,Stephen Bunting,192,Ryan Searle,10584,4,3,Stephen Bunting,192,Ryan Searle,10584
World Championship,24218,2021,Last 16,Krzysztof Ratajski,5422,Gabriel Clemens,3097,4,3,Krzysztof Ratajski,5422,Gabriel Clemens,3097
World Championship,24218,2021,Last 16,Dirk van Duijvenbode,10070,Glen Durrant,80,4,3,Dirk van Duijvenbode,10070,Glen Durrant,80
World Championship,24218,2021,Last 16,Gary Anderson,181,Devon Petersen,9003,4,0,Gary Anderson,181,Devon Petersen,9003
World Championship,24218,2021,Last 16,Dave Chisnall,4101,Dimitri van den Bergh,11656,4,2,Dave Chisnall,4101,Dimitri van den Bergh,11656
World Championship,24218,2021,Last 16,Michael van Gerwen,1395,Joe Cullen,6487,4,3,Michael van Gerwen,1395,Joe Cullen,6487
World Championship,24218,2021,Quarter Final,Gerwyn Price,16492,Daryl Gurney,2479,5,4,Gerwyn Price,16492,Daryl Gurney,2479
World Championship,24218,2021,Quarter Final,Stephen Bunting,192,Krzysztof Ratajski,5422,5,3,Stephen Bunting,192,Krzysztof Ratajski,5422
World Championship,24218,2021,Quarter Final,Gary Anderson,181,Dirk van Duijvenbode,10070,5,1,Gary Anderson,181,Dirk van Duijvenbode,10070
World Championship,24218,2021,Quarter Final,Dave Chisnall,4101,Michael van Gerwen,1395,5,0,Dave Chisnall,4101,Michael van Gerwen,1395
World Championship,24218,2021,Semi Final,Gerwyn Price,16492,Stephen Bunting,192,6,4,Gerwyn Price,16492,Stephen Bunting,192
World Championship,24218,2021,Semi Final,Gary Anderson,181,Dave Chisnall,4101,6,3,Gary Anderson,181,Dave Chisnall,4101
World Championship,24218,2021,Final,Gerwyn Price,16492,Gary Anderson,181,7,3,Gerwyn Price,16492,Gary Anderson,181
World Championship,23534,2022,Last 96,Ricky Evans,1734,Nitin Kumar,4929,3,0,Ricky Evans,1734,Nitin Kumar,4929
World Championship,23534,2022,Last 96,Raymond van Barneveld,2,Lourence Ilagan,2167,3,0,Raymond van Barneveld,2,Lourence Ilagan,2167
World Championship,23534,2022,Last 96,Chris Landman,21704,Scott Mitchell,3899,3,0,Chris Landman,21704,Scott Mitchell,3899
World Championship,23534,2022,Last 96,Adrian Lewis,5,Matt Campbell,18872,3,1,Adrian Lewis,5,Matt Campbell,18872
World Championship,23534,2022,Last 96,Rowby-John Rodriguez,9750,Nick Kenny,10013,3,0,Rowby-John Rodriguez,9750,Nick Kenny,10013
World Championship,23534,2022,Last 96,Mike de Decker,16530,Darius Labanauskas,4333,3,1,Mike de Decker,16530,Darius Labanauskas,4333
World Championship,23534,2022,Last 96,Rusty-Jake Rodriguez,16370,Ben Robb,65862,3,1,Rusty-Jake Rodriguez,16370,Ben Robb,65862
World Championship,23534,2022,Last 96,Chas Barstow,12242,John Norman-Jnr,2595,3,1,Chas Barstow,12242,John Norman-Jnr,2595
World Championship,23534,2022,Last 96,Callan Rydz,25544,Yuki Yamada,2852,3,0,Callan Rydz,25544,Yuki Yamada,2852
World Championship,23534,2022,Last 96,Joe Murnan,2582,Paul Lim,1566,3,2,Joe Murnan,2582,Paul Lim,1566
World Championship,23534,2022,Last 96,Alan Soutar,2201,Diogo Portela,16009,3,2,Alan Soutar,2201,Diogo Portela,16009
World Championship,23534,2022,Last 96,Jason Lowe,1489,Daniel Larsson,2381,3,0,Jason Lowe,1489,Daniel Larsson,2381
World Championship,23534,2022,Last 96,Jason Heaver,17484,Gordon Mathers,12573,3,1,Jason Heaver,17484,Gordon Mathers,12573
World Championship,23534,2022,Last 96,William Borland,20175,Bradley Brooks,18325,3,2,William Borland,20175,Bradley Brooks,18325
World Championship,23534,2022,Last 96,Luke Woodhouse,10621,James Wilson,2559,3,1,Luke Woodhouse,10621,James Wilson,2559
World Championship,23534,2022,Last 96,Ryan Meikle,18296,Fabian Schmutzler,74970,3,0,Ryan Meikle,18296,Fabian Schmutzler,74970
World Championship,23534,2022,Last 96,Ryan Joyce,16151,Roman Benecky,63514,3,2,Ryan Joyce,16151,Roman Benecky,63514
World Championship,23534,2022,Last 96,Steve Lennon,12746,Madars Razma,9017,3,1,Steve Lennon,12746,Madars Razma,9017
World Championship,23534,2022,Last 96,Raymond Smith,6978,Jamie Hughes,3833,3,1,Raymond Smith,6978,Jamie Hughes,3833
World Championship,23534,2022,Last 96,Florian Hempel,48918,Martin Schindler,16749,3,0,Florian Hempel,48918,Martin Schindler,16749
World Championship,23534,2022,Last 96,Martijn Kleermaker,17086,John Michael,2154,3,1,Martijn Kleermaker,17086,John Michael,2154
World Championship,23534,2022,Last 96,Jim Williams,4588,Ted Evetts,16705,3,1,Jim Williams,4588,Ted Evetts,16705
World Championship,23534,2022,Last 96,Adam Hunt,10575,Boris Krcmar,6571,3,0,Adam Hunt,10575,Boris Krcmar,6571
World Championship,23534,2022,Last 96,Maik Kuivenhoven,25506,Ky Smith,71800,3,1,Maik Kuivenhoven,25506,Ky Smith,71800
World Championship,23534,2022,Last 96,William O'Connor,8798,Danny Lauby II,9978,3,2,William O'Connor,8798,Danny Lauby II,9978
World Championship,23534,2022,Last 96,Ron Meulenkamp,937,Lisa Ashton,5619,3,0,Ron Meulenkamp,937,Lisa Ashton,5619
World Championship,23534,2022,Last 96,Lewy Williams,74969,Toyokazu Shibata,55016,3,0,Lewy Williams,74969,Toyokazu Shibata,55016
World Championship,23534,2022,Last 96,Keane Barry,25478,Royden Lam,5643,3,2,Keane Barry,25478,Royden Lam,5643
World Championship,23534,2022,Last 96,Boris Koltsov,14210,Jermaine Wattimena,7462,3,0,Boris Koltsov,14210,Jermaine Wattimena,7462
World Championship,23534,2022,Last 96,Ross Smith,1596,Jeff Smith,4965,3,0,Ross Smith,1596,Jeff Smith,4965
World Championship,23534,2022,Last 96,Steve Beaton,33,Fallon Sherrock,12670,3,2,Steve Beaton,33,Fallon Sherrock,12670
World Championship,23534,2022,Last 96,Ritchie Edhouse,17485,Peter Hudson,9139,3,2,Ritchie Edhouse,17485,Peter Hudson,9139
World Championship,23534,2022,Last 64,Daryl Gurney,2479,Ricky Evans,1734,3,1,Daryl Gurney,2479,Ricky Evans,1734
World Championship,23534,2022,Last 64,Rob Cross,18934,Raymond van Barneveld,2,3,1,Rob Cross,18934,Raymond van Barneveld,2
World Championship,23534,2022,Last 64,Ian White,2213,Chris Landman,21704,3,1,Ian White,2213,Chris Landman,21704
World Championship,23534,2022,Last 64,Gary Anderson,181,Adrian Lewis,5,3,1,Gary Anderson,181,Adrian Lewis,5
World Championship,23534,2022,Last 64,Luke Humphries,11822,Rowby-John Rodriguez,9750,3,0,Luke Humphries,11822,Rowby-John Rodriguez,9750
World Championship,23534,2022,Last 64,Dave Chisnall,4101,Mike de Decker,16530,3,0,Dave Chisnall,4101,Mike de Decker,16530
World Championship,23534,2022,Last 64,Chris Dobey,16076,Rusty-Jake Rodriguez,16370,3,2,Chris Dobey,16076,Rusty-Jake Rodriguez,16370
World Championship,23534,2022,Last 64,Michael van Gerwen,1395,Chas Barstow,12242,3,1,Michael van Gerwen,1395,Chas Barstow,12242
World Championship,23534,2022,Last 64,Callan Rydz,25544,Brendan Dolan,1607,3,0,Callan Rydz,25544,Brendan Dolan,1607
World Championship,23534,2022,Last 64,Nathan Aspinall,13326,Joe Murnan,2582,3,2,Nathan Aspinall,13326,Joe Murnan,2582
World Championship,23534,2022,Last 64,Alan Soutar,2201,Mensur Suljovic,1933,3,2,Alan Soutar,2201,Mensur Suljovic,1933
World Championship,23534,2022,Last 64,Jose de Sousa,12892,Jason Lowe,1489,3,2,Jose de Sousa,12892,Jason Lowe,1489
World Championship,23534,2022,Last 64,Danny Noppert,13202,Jason Heaver,17484,3,1,Danny Noppert,13202,Jason Heaver,17484
World Championship,23534,2022,Last 64,Ryan Searle,10584,William Borland,20175,3,0,Ryan Searle,10584,William Borland,20175
World Championship,23534,2022,Last 64,Damon Heta,4842,Luke Woodhouse,10621,3,1,Damon Heta,4842,Luke Woodhouse,10621
World Championship,23534,2022,Last 64,Peter Wright,1463,Ryan Meikle,18296,3,0,Peter Wright,1463,Ryan Meikle,18296
World Championship,23534,2022,Last 64,Mervyn King,168,Ryan Joyce,16151,3,2,Mervyn King,168,Ryan Joyce,16151
World Championship,23534,2022,Last 64,Steve Lennon,12746,Krzysztof Ratajski,5422,3,1,Steve Lennon,12746,Krzysztof Ratajski,5422
World Championship,23534,2022,Last 64,Raymond Smith,6978,Devon Petersen,9003,3,0,Raymond Smith,6978,Devon Petersen,9003
World Championship,23534,2022,Last 64,Florian Hempel,48918,Dimitri van den Bergh,11656,3,1,Florian Hempel,48918,Dimitri van den Bergh,11656
World Championship,23534,2022,Last 64,Martijn Kleermaker,17086,Simon Whitlock,1500,3,1,Martijn Kleermaker,17086,Simon Whitlock,1500
World Championship,23534,2022,Last 64,Joe Cullen,6487,Jim Williams,4588,3,2,Joe Cullen,6487,Jim Williams,4588
World Championship,23534,2022,Last 64,Vincent van der Voort,1499,Adam Hunt,10575,3,0,Vincent van der Voort,1499,Adam Hunt,10575
World Championship,23534,2022,Last 64,James Wade,11,Maik Kuivenhoven,25506,3,1,James Wade,11,Maik Kuivenhoven,25506
World Championship,23534,2022,Last 64,William O'Connor,8798,Glen Durrant,80,3,0,William O'Connor,8798,Glen Durrant,80
World Championship,23534,2022,Last 64,Michael Smith,6025,Ron Meulenkamp,937,3,0,Michael Smith,6025,Ron Meulenkamp,937
World Championship,23534,2022,Last 64,Gabriel Clemens,3097,Lewy Williams,74969,3,0,Gabriel Clemens,3097,Lewy Williams,74969
World Championship,23534,2022,Last 64,Jonny Clayton,6861,Keane Barry,25478,3,2,Jonny Clayton,6861,Keane Barry,25478
World Championship,23534,2022,Last 64,Dirk van Duijvenbode,10070,Boris Koltsov,14210,3,2,Dirk van Duijvenbode,10070,Boris Koltsov,14210
World Championship,23534,2022,Last 64,Ross Smith,1596,Stephen Bunting,192,3,2,Ross Smith,1596,Stephen Bunting,192
World Championship,23534,2022,Last 64,Kim Huybrechts,1633,Steve Beaton,33,3,1,Kim Huybrechts,1633,Steve Beaton,33
World Championship,23534,2022,Last 64,Gerwyn Price,16492,Ritchie Edhouse,17485,3,1,Gerwyn Price,16492,Ritchie Edhouse,17485
World Championship,23534,2022,Last 32,Rob Cross,18934,Daryl Gurney,2479,4,3,Rob Cross,18934,Daryl Gurney,2479
World Championship,23534,2022,Last 32,Gary Anderson,181,Ian White,2213,4,3,Gary Anderson,181,Ian White,2213
World Championship,23534,2022,Last 32,Luke Humphries,11822,Dave Chisnall,4101,0,0,Dave Chisnall,4101,Luke Humphries,11822
World Championship,23534,2022,Last 32,Chris Dobey,16076,Michael van Gerwen,1395,0,0,Michael van Gerwen,1395,Chris Dobey,16076
World Championship,23534,2022,Last 32,Callan Rydz,25544,Nathan Aspinall,13326,4,0,Callan Rydz,25544,Nathan Aspinall,13326
World Championship,23534,2022,Last 32,Alan Soutar,2201,Jose de Sousa,12892,4,3,Alan Soutar,2201,Jose de Sousa,12892
World Championship,23534,2022,Last 32,Ryan Searle,10584,Danny Noppert,13202,4,2,Ryan Searle,10584,Danny Noppert,13202
World Championship,23534,2022,Last 32,Peter Wright,1463,Damon Heta,4842,4,2,Peter Wright,1463,Damon Heta,4842
World Championship,23534,2022,Last 32,Mervyn King,168,Steve Lennon,12746,4,0,Mervyn King,168,Steve Lennon,12746
World Championship,23534,2022,Last 32,Raymond Smith,6978,Florian Hempel,48918,4,1,Raymond Smith,6978,Florian Hempel,48918
World Championship,23534,2022,Last 32,Martijn Kleermaker,17086,Joe Cullen,6487,4,3,Martijn Kleermaker,17086,Joe Cullen,6487
World Championship,23534,2022,Last 32,James Wade,11,Vincent van der Voort,1499,0,0,Vincent van der Voort,1499,James Wade,11
World Championship,23534,2022,Last 32,Michael Smith,6025,William O'Connor,8798,4,2,Michael Smith,6025,William O'Connor,8798
World Championship,23534,2022,Last 32,Jonny Clayton,6861,Gabriel Clemens,3097,4,0,Jonny Clayton,6861,Gabriel Clemens,3097
World Championship,23534,2022,Last 32,Dirk van Duijvenbode,10070,Ross Smith,1596,4,3,Dirk van Duijvenbode,10070,Ross Smith,1596
World Championship,23534,2022,Last 32,Gerwyn Price,16492,Kim Huybrechts,1633,4,3,Gerwyn Price,16492,Kim Huybrechts,1633
World Championship,23534,2022,Last 16,Gary Anderson,181,Rob Cross,18934,4,3,Gary Anderson,181,Rob Cross,18934
World Championship,23534,2022,Last 16,Luke Humphries,11822,Chris Dobey,16076,4,3,Luke Humphries,11822,Chris Dobey,16076
World Championship,23534,2022,Last 16,Callan Rydz,25544,Alan Soutar,2201,4,1,Callan Rydz,25544,Alan Soutar,2201
World Championship,23534,2022,Last 16,Peter Wright,1463,Ryan Searle,10584,4,1,Peter Wright,1463,Ryan Searle,10584
World Championship,23534,2022,Last 16,Mervyn King,168,Raymond Smith,6978,4,3,Mervyn King,168,Raymond Smith,6978
World Championship,23534,2022,Last 16,James Wade,11,Martijn Kleermaker,17086,4,0,James Wade,11,Martijn Kleermaker,17086
World Championship,23534,2022,Last 16,Michael Smith,6025,Jonny Clayton,6861,4,3,Michael Smith,6025,Jonny Clayton,6861
World Championship,23534,2022,Last 16,Gerwyn Price,16492,Dirk van Duijvenbode,10070,4,1,Gerwyn Price,16492,Dirk van Duijvenbode,10070
World Championship,23534,2022,Quarter Final,Gary Anderson,181,Luke Humphries,11822,5,2,Gary Anderson,181,Luke Humphries,11822
World Championship,23534,2022,Quarter Final,Peter Wright,1463,Callan Rydz,25544,5,4,Peter Wright,1463,Callan Rydz,25544
World Championship,23534,2022,Quarter Final,James Wade,11,Mervyn King,168,5,0,James Wade,11,Mervyn King,168
World Championship,23534,2022,Quarter Final,Michael Smith,6025,Gerwyn Price,16492,5,4,Michael Smith,6025,Gerwyn Price,16492
World Championship,23534,2022,Semi Final,Peter Wright,1463,Gary Anderson,181,6,4,Peter Wright,1463,Gary Anderson,181
World Championship,23534,2022,Semi Final,Michael Smith,6025,James Wade,11,6,3,Michael Smith,6025,James Wade,11
World Championship,23534,2022,Final,Peter Wright,1463,Michael Smith,6025,7,5,Peter Wright,1463,Michael Smith,6025
World Championship,25076,2023,Last 96,Martijn Kleermaker,17086,Xicheng Han,76104,3,0,Martijn Kleermaker,17086,Xicheng Han,76104
World Championship,25076,2023,Last 96,Madars Razma,9017,Prakash Jiwa,6527,3,1,Madars Razma,9017,Prakash Jiwa,6527
World Championship,25076,2023,Last 96,Danny Baggish,14452,Matt Campbell,18872,3,0,Danny Baggish,14452,Matt Campbell,18872
World Championship,25076,2023,Last 96,Scott Williams,74395,Ryan Joyce,16151,3,1,Scott Williams,74395,Ryan Joyce,16151
World Championship,25076,2023,Last 96,Darius Labanauskas,4333,John O'Shea,8847,3,2,Darius Labanauskas,4333,John O'Shea,8847
World Championship,25076,2023,Last 96,Karel Sedlacek,4885,Raymond Smith,6978,3,0,Karel Sedlacek,4885,Raymond Smith,6978
World Championship,25076,2023,Last 96,Mike de Decker,16530,Jeff Smith,4965,3,1,Mike de Decker,16530,Jeff Smith,4965
World Championship,25076,2023,Last 96,Lewy Williams,74969,Niels Zonneveld,66017,3,0,Lewy Williams,74969,Niels Zonneveld,66017
World Championship,25076,2023,Last 96,Josh Rock,74975,José Justicia,7584,3,1,Josh Rock,74975,José Justicia,7584
World Championship,25076,2023,Last 96,Boris Krcmar,6571,Toru Suzuki,74972,3,0,Boris Krcmar,6571,Toru Suzuki,74972
World Championship,25076,2023,Last 96,Jimmy Hendriks,9836,Jamie Hughes,3833,3,1,Jimmy Hendriks,9836,Jamie Hughes,3833
World Championship,25076,2023,Last 96,Danny Van Trijp,55091,Steve Beaton,33,3,0,Danny Van Trijp,55091,Steve Beaton,33
World Championship,25076,2023,Last 96,Danny Jansen,73605,Paolo Nebrida,17914,3,2,Danny Jansen,73605,Paolo Nebrida,17914
World Championship,25076,2023,Last 96,Lourence Ilagan,2167,Rowby-John Rodriguez,9750,3,2,Lourence Ilagan,2167,Rowby-John Rodriguez,9750
World Championship,25076,2023,Last 96,Grant Sampson,15975,Keane Barry,25478,3,1,Grant Sampson,15975,Keane Barry,25478
World Championship,25076,2023,Last 96,Mickey Mansell,4083,Ben Robb,65862,3,1,Mickey Mansell,4083,Ben Robb,65862
World Championship,25076,2023,Last 96,Leonard Gates,4935,Geert Nentjes,23012,3,1,Leonard Gates,4935,Geert Nentjes,23012
World Championship,25076,2023,Last 96,Andrew Gilding,10168,Robert Owen,16502,3,2,Andrew Gilding,10168,Robert Owen,16502
World Championship,25076,2023,Last 96,Cameron Menzies,5202,Diogo Portela,16009,3,1,Cameron Menzies,5202,Diogo Portela,16009
World Championship,25076,2023,Last 96,Florian Hempel,48918,Keegan Brown,10548,3,2,Florian Hempel,48918,Keegan Brown,10548
World Championship,25076,2023,Last 96,Adrian Lewis,5,Daniel Larsson,2381,3,0,Adrian Lewis,5,Daniel Larsson,2381
World Championship,25076,2023,Last 96,Ricky Evans,1734,Fallon Sherrock,12670,3,1,Ricky Evans,1734,Fallon Sherrock,12670
World Championship,25076,2023,Last 96,Martin Lukeman,17360,Nobuhiro Yamamoto,17772,3,0,Martin Lukeman,17360,Nobuhiro Yamamoto,17772
World Championship,25076,2023,Last 96,Nathan Rafferty,20144,Jermaine Wattimena,7462,3,2,Nathan Rafferty,20144,Jermaine Wattimena,7462
World Championship,25076,2023,Last 96,Alan Soutar,2201,Mal Cuming,13856,3,0,Alan Soutar,2201,Mal Cuming,13856
World Championship,25076,2023,Last 96,David Cameron,4960,Ritchie Edhouse,17485,3,2,David Cameron,4960,Ritchie Edhouse,17485
World Championship,25076,2023,Last 96,William O'Connor,8798,Beau Greaves,17723,3,0,William O'Connor,8798,Beau Greaves,17723
World Championship,25076,2023,Last 96,Jim Williams,4588,Sebastian Białecki,55168,3,2,Jim Williams,4588,Sebastian Białecki,55168
World Championship,25076,2023,Last 96,Simon Whitlock,1500,Christian Perez,9234,3,2,Simon Whitlock,1500,Christian Perez,9234
World Championship,25076,2023,Last 96,Adam Gawlas,74032,Richie Burnett,51,3,2,Adam Gawlas,74032,Richie Burnett,51
World Championship,25076,2023,Last 96,Ryan Meikle,18296,Lisa Ashton,5619,3,2,Ryan Meikle,18296,Lisa Ashton,5619
World Championship,25076,2023,Last 96,Luke Woodhouse,10621,Vladyslav Omelchenko,71597,3,0,Luke Woodhouse,10621,Vladyslav Omelchenko,71597
World Championship,25076,2023,Last 64,Chris Dobey,16076,Martijn Kleermaker,17086,3,0,Chris Dobey,16076,Martijn Kleermaker,17086
World Championship,25076,2023,Last 64,Gary Anderson,181,Madars Razma,9017,3,1,Gary Anderson,181,Madars Razma,9017
World Championship,25076,2023,Last 64,Mervyn King,168,Danny Baggish,14452,3,2,Mervyn King,168,Danny Baggish,14452
World Championship,25076,2023,Last 64,Rob Cross,18934,Scott Williams,74395,3,1,Rob Cross,18934,Scott Williams,74395
World Championship,25076,2023,Last 64,Ross Smith,1596,Darius Labanauskas,4333,3,1,Ross Smith,1596,Darius Labanauskas,4333
World Championship,25076,2023,Last 64,Dirk van Duijvenbode,10070,Karel Sedlacek,4885,3,2,Dirk van Duijvenbode,10070,Karel Sedlacek,4885
World Championship,25076,2023,Last 64,Mensur Suljovic,1933,Mike de Decker,16530,3,0,Mensur Suljovic,1933,Mike de Decker,16530
World Championship,25076,2023,Last 64,Michael van Gerwen,1395,Lewy Williams,74969,3,0,Michael van Gerwen,1395,Lewy Williams,74969
World Championship,25076,2023,Last 64,Josh Rock,74975,Callan Rydz,25544,3,0,Josh Rock,74975,Callan Rydz,25544
World Championship,25076,2023,Last 64,Nathan Aspinall,13326,Boris Krcmar,6571,3,1,Nathan Aspinall,13326,Boris Krcmar,6571
World Championship,25076,2023,Last 64,Brendan Dolan,1607,Jimmy Hendriks,9836,3,1,Brendan Dolan,1607,Jimmy Hendriks,9836
World Championship,25076,2023,Last 64,Jonny Clayton,6861,Danny Van Trijp,55091,3,0,Jonny Clayton,6861,Danny Van Trijp,55091
World Championship,25076,2023,Last 64,Krzysztof Ratajski,5422,Danny Jansen,73605,3,1,Krzysztof Ratajski,5422,Danny Jansen,73605
World Championship,25076,2023,Last 64,Dimitri van den Bergh,11656,Lourence Ilagan,2167,3,0,Dimitri van den Bergh,11656,Lourence Ilagan,2167
World Championship,25076,2023,Last 64,Kim Huybrechts,1633,Grant Sampson,15975,3,0,Kim Huybrechts,1633,Grant Sampson,15975
World Championship,25076,2023,Last 64,Peter Wright,1463,Mickey Mansell,4083,3,0,Peter Wright,1463,Mickey Mansell,4083
World Championship,25076,2023,Last 64,Stephen Bunting,192,Leonard Gates,4935,3,1,Stephen Bunting,192,Leonard Gates,4935
World Championship,25076,2023,Last 64,Dave Chisnall,4101,Andrew Gilding,10168,3,1,Dave Chisnall,4101,Andrew Gilding,10168
World Championship,25076,2023,Last 64,Vincent van der Voort,1499,Cameron Menzies,5202,3,0,Vincent van der Voort,1499,Cameron Menzies,5202
World Championship,25076,2023,Last 64,Luke Humphries,11822,Florian Hempel,48918,3,2,Luke Humphries,11822,Florian Hempel,48918
World Championship,25076,2023,Last 64,Damon Heta,4842,Adrian Lewis,5,3,0,Damon Heta,4842,Adrian Lewis,5
World Championship,25076,2023,Last 64,Joe Cullen,6487,Ricky Evans,1734,3,1,Joe Cullen,6487,Ricky Evans,1734
World Championship,25076,2023,Last 64,Martin Schindler,16749,Martin Lukeman,17360,3,1,Martin Schindler,16749,Martin Lukeman,17360
World Championship,25076,2023,Last 64,Michael Smith,6025,Nathan Rafferty,20144,3,0,Michael Smith,6025,Nathan Rafferty,20144
World Championship,25076,2023,Last 64,Alan Soutar,2201,Daryl Gurney,2479,3,0,Alan Soutar,2201,Daryl Gurney,2479
World Championship,25076,2023,Last 64,Danny Noppert,13202,David Cameron,4960,3,1,Danny Noppert,13202,David Cameron,4960
World Championship,25076,2023,Last 64,Gabriel Clemens,3097,William O'Connor,8798,3,0,Gabriel Clemens,3097,William O'Connor,8798
World Championship,25076,2023,Last 64,Jim Williams,4588,James Wade,11,3,2,Jim Williams,4588,James Wade,11
World Championship,25076,2023,Last 64,Jose de Sousa,12892,Simon Whitlock,1500,3,2,Jose de Sousa,12892,Simon Whitlock,1500
World Championship,25076,2023,Last 64,Ryan Searle,10584,Adam Gawlas,74032,3,0,Ryan Searle,10584,Adam Gawlas,74032
World Championship,25076,2023,Last 64,Raymond van Barneveld,2,Ryan Meikle,18296,3,1,Raymond van Barneveld,2,Ryan Meikle,18296
World Championship,25076,2023,Last 64,Gerwyn Price,16492,Luke Woodhouse,10621,3,1,Gerwyn Price,16492,Luke Woodhouse,10621
World Championship,25076,2023,Last 32,Chris Dobey,16076,Gary Anderson,181,4,1,Chris Dobey,16076,Gary Anderson,181
World Championship,25076,2023,Last 32,Rob Cross,18934,Mervyn King,168,4,1,Rob Cross,18934,Mervyn King,168
World Championship,25076,2023,Last 32,Dirk van Duijvenbode,10070,Ross Smith,1596,4,3,Dirk van Duijvenbode,10070,Ross Smith,1596
World Championship,25076,2023,Last 32,Michael van Gerwen,1395,Mensur Suljovic,1933,4,2,Michael van Gerwen,1395,Mensur Suljovic,1933
World Championship,25076,2023,Last 32,Josh Rock,74975,Nathan Aspinall,13326,4,3,Josh Rock,74975,Nathan Aspinall,13326
World Championship,25076,2023,Last 32,Jonny Clayton,6861,Brendan Dolan,1607,4,1,Jonny Clayton,6861,Brendan Dolan,1607
World Championship,25076,2023,Last 32,Dimitri van den Bergh,11656,Krzysztof Ratajski,5422,4,1,Dimitri van den Bergh,11656,Krzysztof Ratajski,5422
World Championship,25076,2023,Last 32,Kim Huybrechts,1633,Peter Wright,1463,4,1,Kim Huybrechts,1633,Peter Wright,1463
World Championship,25076,2023,Last 32,Stephen Bunting,192,Dave Chisnall,4101,4,2,Stephen Bunting,192,Dave Chisnall,4101
World Championship,25076,2023,Last 32,Luke Humphries,11822,Vincent van der Voort,1499,4,3,Luke Humphries,11822,Vincent van der Voort,1499
World Championship,25076,2023,Last 32,Joe Cullen,6487,Damon Heta,4842,4,0,Joe Cullen,6487,Damon Heta,4842
World Championship,25076,2023,Last 32,Michael Smith,6025,Martin Schindler,16749,4,3,Michael Smith,6025,Martin Schindler,16749
World Championship,25076,2023,Last 32,Alan Soutar,2201,Danny Noppert,13202,4,2,Alan Soutar,2201,Danny Noppert,13202
World Championship,25076,2023,Last 32,Gabriel Clemens,3097,Jim Williams,4588,4,3,Gabriel Clemens,3097,Jim Williams,4588
World Championship,25076,2023,Last 32,Jose de Sousa,12892,Ryan Searle,10584,4,3,Jose de Sousa,12892,Ryan Searle,10584
World Championship,25076,2023,Last 32,Gerwyn Price,16492,Raymond van Barneveld,2,4,0,Gerwyn Price,16492,Raymond van Barneveld,2
World Championship,25076,2023,Last 16,Chris Dobey,16076,Rob Cross,18934,4,2,Chris Dobey,16076,Rob Cross,18934
World Championship,25076,2023,Last 16,Michael van Gerwen,1395,Dirk van Duijvenbode,10070,4,1,Michael van Gerwen,1395,Dirk van Duijvenbode,10070
World Championship,25076,2023,Last 16,Jonny Clayton,6861,Josh Rock,74975,4,3,Jonny Clayton,6861,Josh Rock,74975
World Championship,25076,2023,Last 16,Dimitri van den Bergh,11656,Kim Huybrechts,1633,4,0,Dimitri van den Bergh,11656,Kim Huybrechts,1633
World Championship,25076,2023,Last 16,Stephen Bunting,192,Luke Humphries,11822,4,1,Stephen Bunting,192,Luke Humphries,11822
World Championship,25076,2023,Last 16,Michael Smith,6025,Joe Cullen,6487,4,1,Michael Smith,6025,Joe Cullen,6487
World Championship,25076,2023,Last 16,Gabriel Clemens,3097,Alan Soutar,2201,4,1,Gabriel Clemens,3097,Alan Soutar,2201
World Championship,25076,2023,Last 16,Gerwyn Price,16492,Jose de Sousa,12892,4,1,Gerwyn Price,16492,Jose de Sousa,12892
World Championship,25076,2023,Quarter Final,Michael van Gerwen,1395,Chris Dobey,16076,5,0,Michael van Gerwen,1395,Chris Dobey,16076
World Championship,25076,2023,Quarter Final,Dimitri van den Bergh,11656,Jonny Clayton,6861,5,3,Dimitri van den Bergh,11656,Jonny Clayton,6861
World Championship,25076,2023,Quarter Final,Michael Smith,6025,Stephen Bunting,192,5,3,Michael Smith,6025,Stephen Bunting,192
World Championship,25076,2023,Quarter Final,Gabriel Clemens,3097,Gerwyn Price,16492,5,1,Gabriel Clemens,3097,Gerwyn Price,16492
World Championship,25076,2023,Semi Final,Michael van Gerwen,1395,Dimitri van den Bergh,11656,6,0,Michael van Gerwen,1395,Dimitri van den Bergh,11656
World Championship,25076,2023,Semi Final,Michael Smith,6025,Gabriel Clemens,3097,6,2,Michael Smith,6025,Gabriel Clemens,3097
World Championship,25076,2023,Final,Michael Smith,6025,Michael van Gerwen,1395,7,4,Michael Smith,6025,Michael van Gerwen,1395
World Championship,25124,2024,Last 96,Man Lok Leung,60372,Gian van Veen,21491,3,2,Man Lok Leung,60372,Gian van Veen,21491
World Championship,25124,2024,Last 96,Cameron Menzies,5202,Rusty-Jake Rodriguez,16370,3,0,Cameron Menzies,5202,Rusty-Jake Rodriguez,16370
World Championship,25124,2024,Last 96,Steve Beaton,33,Wessel Nijman,27979,3,1,Steve Beaton,33,Wessel Nijman,27979
World Championship,25124,2024,Last 96,Ricky Evans,1734,Simon Adams,76423,3,0,Ricky Evans,1734,Simon Adams,76423
World Championship,25124,2024,Last 96,Tomoya Goto,71949,Ian White,2213,3,1,Tomoya Goto,71949,Ian White,2213
World Championship,25124,2024,Last 96,Darren Penhall,13664,Jules van Dongen,74976,3,1,Darren Penhall,13664,Jules van Dongen,74976
World Championship,25124,2024,Last 96,Ricardo Pietreczko,16776,Mikuru Suzuki,27977,3,0,Ricardo Pietreczko,16776,Mikuru Suzuki,27977
World Championship,25124,2024,Last 96,Lee Evans,17361,Sandro Eric Sosing,76422,3,0,Lee Evans,17361,Sandro Eric Sosing,76422
World Championship,25124,2024,Last 96,Berry van Peer,16990,Luke Woodhouse,10621,3,2,Berry van Peer,16990,Luke Woodhouse,10621
World Championship,25124,2024,Last 96,Martin Lukeman,17360,Haupai Puha,24349,3,1,Martin Lukeman,17360,Haupai Puha,24349
World Championship,25124,2024,Last 96,Jermaine Wattimena,7462,Fallon Sherrock,12670,3,1,Jermaine Wattimena,7462,Fallon Sherrock,12670
World Championship,25124,2024,Last 96,Scott Williams,74395,Haruki Muramatsu,9165,3,1,Scott Williams,74395,Haruki Muramatsu,9165
World Championship,25124,2024,Last 96,Ryan Joyce,16151,Alex Spellman,11140,3,1,Ryan Joyce,16151,Alex Spellman,11140
World Championship,25124,2024,Last 96,Florian Hempel,48918,Dylan Slevin,75107,3,1,Florian Hempel,48918,Dylan Slevin,75107
World Championship,25124,2024,Last 96,Richard Veenstra,16652,Ben Robb,65862,3,0,Richard Veenstra,16652,Ben Robb,65862
World Championship,25124,2024,Last 96,Keane Barry,25478,Reynaldo Rivera,76421,3,1,Keane Barry,25478,Reynaldo Rivera,76421
World Championship,25124,2024,Last 96,Simon Whitlock,1500,Paolo Nebrida,17914,3,2,Simon Whitlock,1500,Paolo Nebrida,17914
World Championship,25124,2024,Last 96,Boris Krcmar,6571,Keegan Brown,10548,3,1,Boris Krcmar,6571,Keegan Brown,10548
World Championship,25124,2024,Last 96,Mickey Mansell,4083,Xiao chen Zong,26867,3,0,Mickey Mansell,4083,Xiao chen Zong,26867
World Championship,25124,2024,Last 96,Connor Scutt,16676,Krzysztof Kciuk,8447,3,0,Connor Scutt,16676,Krzysztof Kciuk,8447
World Championship,25124,2024,Last 96,Luke Littler,73951,Christian Kist,8797,3,0,Luke Littler,73951,Christian Kist,8797
World Championship,25124,2024,Last 96,Matt Campbell,18872,Lourence Ilagan,2167,3,2,Matt Campbell,18872,Lourence Ilagan,2167
World Championship,25124,2024,Last 96,Radek Szaganski,7391,Marko Kantele,89,3,2,Radek Szaganski,7391,Marko Kantele,89
World Championship,25124,2024,Last 96,Jim Williams,4588,Norman Madhoo,1760,3,0,Jim Williams,4588,Norman Madhoo,1760
World Championship,25124,2024,Last 96,Jamie Hughes,3833,David Cameron,4960,3,1,Jamie Hughes,3833,David Cameron,4960
World Championship,25124,2024,Last 96,Steve Lennon,12746,Owen Bates,75206,3,2,Steve Lennon,12746,Owen Bates,75206
World Championship,25124,2024,Last 96,Jeffrey de Graaf,10396,Ritchie Edhouse,17485,3,2,Jeffrey de Graaf,10396,Ritchie Edhouse,17485
World Championship,25124,2024,Last 96,Thibault Tricole,10399,Mario Vandenbogaerde,1683,3,1,Thibault Tricole,10399,Mario Vandenbogaerde,1683
World Championship,25124,2024,Last 96,William O'Connor,8798,Bhav Patel,76137,3,0,William O'Connor,8798,Bhav Patel,76137
World Championship,25124,2024,Last 96,Niels Zonneveld,66017,Darren Webster,34,3,1,Niels Zonneveld,66017,Darren Webster,34
World Championship,25124,2024,Last 96,Mike de Decker,16530,Dragutin Horvat,3112,3,0,Mike de Decker,16530,Dragutin Horvat,3112
World Championship,25124,2024,Last 96,Kevin Doets,66008,Stowe Buntz,3726,3,0,Kevin Doets,66008,Stowe Buntz,3726
World Championship,25124,2024,Last 64,Gabriel Clemens,3097,Man Lok Leung,60372,3,1,Gabriel Clemens,3097,Man Lok Leung,60372
World Championship,25124,2024,Last 64,Dave Chisnall,4101,Cameron Menzies,5202,3,1,Dave Chisnall,4101,Cameron Menzies,5202
World Championship,25124,2024,Last 64,Daryl Gurney,2479,Steve Beaton,33,3,1,Daryl Gurney,2479,Steve Beaton,33
World Championship,25124,2024,Last 64,Ricky Evans,1734,Nathan Aspinall,13326,3,0,Ricky Evans,1734,Nathan Aspinall,13326
World Championship,25124,2024,Last 64,Ryan Searle,10584,Tomoya Goto,71949,3,1,Ryan Searle,10584,Tomoya Goto,71949
World Championship,25124,2024,Last 64,Joe Cullen,6487,Darren Penhall,13664,3,0,Joe Cullen,6487,Darren Penhall,13664
World Championship,25124,2024,Last 64,Ricardo Pietreczko,16776,Callan Rydz,25544,3,2,Ricardo Pietreczko,16776,Callan Rydz,25544
World Championship,25124,2024,Last 64,Luke Humphries,11822,Lee Evans,17361,3,0,Luke Humphries,11822,Lee Evans,17361
World Championship,25124,2024,Last 64,Berry van Peer,16990,Josh Rock,74975,3,1,Berry van Peer,16990,Josh Rock,74975
World Championship,25124,2024,Last 64,Damon Heta,4842,Martin Lukeman,17360,3,1,Damon Heta,4842,Martin Lukeman,17360
World Championship,25124,2024,Last 64,Martin Schindler,16749,Jermaine Wattimena,7462,3,1,Martin Schindler,16749,Jermaine Wattimena,7462
World Championship,25124,2024,Last 64,Scott Williams,74395,Danny Noppert,13202,3,0,Scott Williams,74395,Danny Noppert,13202
World Championship,25124,2024,Last 64,Stephen Bunting,192,Ryan Joyce,16151,3,0,Stephen Bunting,192,Ryan Joyce,16151
World Championship,25124,2024,Last 64,Florian Hempel,48918,Dimitri van den Bergh,11656,3,2,Florian Hempel,48918,Dimitri van den Bergh,11656
World Championship,25124,2024,Last 64,Richard Veenstra,16652,Kim Huybrechts,1633,3,0,Richard Veenstra,16652,Kim Huybrechts,1633
World Championship,25124,2024,Last 64,Michael van Gerwen,1395,Keane Barry,25478,3,0,Michael van Gerwen,1395,Keane Barry,25478
World Championship,25124,2024,Last 64,Gary Anderson,181,Simon Whitlock,1500,3,0,Gary Anderson,181,Simon Whitlock,1500
World Championship,25124,2024,Last 64,Boris Krcmar,6571,Dirk van Duijvenbode,10070,3,1,Boris Krcmar,6571,Dirk van Duijvenbode,10070
World Championship,25124,2024,Last 64,Brendan Dolan,1607,Mickey Mansell,4083,3,2,Brendan Dolan,1607,Mickey Mansell,4083
World Championship,25124,2024,Last 64,Gerwyn Price,16492,Connor Scutt,16676,3,0,Gerwyn Price,16492,Connor Scutt,16676
World Championship,25124,2024,Last 64,Luke Littler,73951,Andrew Gilding,10168,3,1,Luke Littler,73951,Andrew Gilding,10168
World Championship,25124,2024,Last 64,Matt Campbell,18872,James Wade,11,3,2,Matt Campbell,18872,James Wade,11
World Championship,25124,2024,Last 64,Raymond van Barneveld,2,Radek Szaganski,7391,3,1,Raymond van Barneveld,2,Radek Szaganski,7391
World Championship,25124,2024,Last 64,Jim Williams,4588,Peter Wright,1463,3,0,Jim Williams,4588,Peter Wright,1463
World Championship,25124,2024,Last 64,Krzysztof Ratajski,5422,Jamie Hughes,3833,3,1,Krzysztof Ratajski,5422,Jamie Hughes,3833
World Championship,25124,2024,Last 64,Jonny Clayton,6861,Steve Lennon,12746,3,1,Jonny Clayton,6861,Steve Lennon,12746
World Championship,25124,2024,Last 64,Jeffrey de Graaf,10396,Jose de Sousa,12892,3,1,Jeffrey de Graaf,10396,Jose de Sousa,12892
World Championship,25124,2024,Last 64,Rob Cross,18934,Thibault Tricole,10399,3,0,Rob Cross,18934,Thibault Tricole,10399
World Championship,25124,2024,Last 64,Chris Dobey,16076,William O'Connor,8798,3,2,Chris Dobey,16076,William O'Connor,8798
World Championship,25124,2024,Last 64,Ross Smith,1596,Niels Zonneveld,66017,3,1,Ross Smith,1596,Niels Zonneveld,66017
World Championship,25124,2024,Last 64,Madars Razma,9017,Mike de Decker,16530,3,1,Madars Razma,9017,Mike de Decker,16530
World Championship,25124,2024,Last 64,Michael Smith,6025,Kevin Doets,66008,3,2,Michael Smith,6025,Kevin Doets,66008
World Championship,25124,2024,Last 32,Dave Chisnall,4101,Gabriel Clemens,3097,4,1,Dave Chisnall,4101,Gabriel Clemens,3097
World Championship,25124,2024,Last 32,Daryl Gurney,2479,Ricky Evans,1734,4,2,Daryl Gurney,2479,Ricky Evans,1734
World Championship,25124,2024,Last 32,Joe Cullen,6487,Ryan Searle,10584,4,2,Joe Cullen,6487,Ryan Searle,10584
World Championship,25124,2024,Last 32,Luke Humphries,11822,Ricardo Pietreczko,16776,4,3,Luke Humphries,11822,Ricardo Pietreczko,16776
World Championship,25124,2024,Last 32,Damon Heta,4842,Berry van Peer,16990,4,3,Damon Heta,4842,Berry van Peer,16990
World Championship,25124,2024,Last 32,Scott Williams,74395,Martin Schindler,16749,4,3,Scott Williams,74395,Martin Schindler,16749
World Championship,25124,2024,Last 32,Stephen Bunting,192,Florian Hempel,48918,4,0,Stephen Bunting,192,Florian Hempel,48918
World Championship,25124,2024,Last 32,Michael van Gerwen,1395,Richard Veenstra,16652,4,0,Michael van Gerwen,1395,Richard Veenstra,16652
World Championship,25124,2024,Last 32,Gary Anderson,181,Boris Krcmar,6571,4,1,Gary Anderson,181,Boris Krcmar,6571
World Championship,25124,2024,Last 32,Brendan Dolan,1607,Gerwyn Price,16492,4,2,Brendan Dolan,1607,Gerwyn Price,16492
World Championship,25124,2024,Last 32,Luke Littler,73951,Matt Campbell,18872,4,1,Luke Littler,73951,Matt Campbell,18872
World Championship,25124,2024,Last 32,Raymond van Barneveld,2,Jim Williams,4588,4,1,Raymond van Barneveld,2,Jim Williams,4588
World Championship,25124,2024,Last 32,Jonny Clayton,6861,Krzysztof Ratajski,5422,4,2,Jonny Clayton,6861,Krzysztof Ratajski,5422
World Championship,25124,2024,Last 32,Rob Cross,18934,Jeffrey de Graaf,10396,4,2,Rob Cross,18934,Jeffrey de Graaf,10396
World Championship,25124,2024,Last 32,Chris Dobey,16076,Ross Smith,1596,4,2,Chris Dobey,16076,Ross Smith,1596
World Championship,25124,2024,Last 32,Michael Smith,6025,Madars Razma,9017,4,1,Michael Smith,6025,Madars Razma,9017
World Championship,25124,2024,Last 16,Dave Chisnall,4101,Daryl Gurney,2479,4,2,Dave Chisnall,4101,Daryl Gurney,2479
World Championship,25124,2024,Last 16,Luke Humphries,11822,Joe Cullen,6487,4,3,Luke Humphries,11822,Joe Cullen,6487
World Championship,25124,2024,Last 16,Scott Williams,74395,Damon Heta,4842,4,1,Scott Williams,74395,Damon Heta,4842
World Championship,25124,2024,Last 16,Michael van Gerwen,1395,Stephen Bunting,192,4,0,Michael van Gerwen,1395,Stephen Bunting,192
World Championship,25124,2024,Last 16,Brendan Dolan,1607,Gary Anderson,181,4,3,Brendan Dolan,1607,Gary Anderson,181
World Championship,25124,2024,Last 16,Luke Littler,73951,Raymond van Barneveld,2,4,1,Luke Littler,73951,Raymond van Barneveld,2
World Championship,25124,2024,Last 16,Rob Cross,18934,Jonny Clayton,6861,4,0,Rob Cross,18934,Jonny Clayton,6861
World Championship,25124,2024,Last 16,Chris Dobey,16076,Michael Smith,6025,4,0,Chris Dobey,16076,Michael Smith,6025
World Championship,25124,2024,Quarter Final,Luke Humphries,11822,Dave Chisnall,4101,5,1,Luke Humphries,11822,Dave Chisnall,4101
World Championship,25124,2024,Quarter Final,Scott Williams,74395,Michael van Gerwen,1395,5,3,Scott Williams,74395,Michael van Gerwen,1395
World Championship,25124,2024,Quarter Final,Luke Littler,73951,Brendan Dolan,1607,5,1,Luke Littler,73951,Brendan Dolan,1607
World Championship,25124,2024,Quarter Final,Rob Cross,18934,Chris Dobey,16076,5,4,Rob Cross,18934,Chris Dobey,16076
World Championship,25124,2024,Semi Final,Luke Humphries,11822,Scott Williams,74395,6,0,Luke Humphries,11822,Scott Williams,74395
World Championship,25124,2024,Semi Final,Luke Littler,73951,Rob Cross,18934,6,2,Luke Littler,73951,Rob Cross,18934
World Championship,25124,2024,Final,Luke Humphries,11822,Luke Littler,73951,7,4,Luke Humphries,11822,Luke Littler,73951
World Championship,25435,2025,Last 96,Thibault Tricole,10399,Joseph Comito,2147,3,1,Thibault Tricole,10399,Joseph Comito,2147
World Championship,25435,2025,Last 96,Nick Kenny,10013,Stowe Buntz,3726,3,0,Nick Kenny,10013,Stowe Buntz,3726
World Championship,25435,2025,Last 96,Jermaine Wattimena,7462,Stefan Bellmont,18403,3,0,Jermaine Wattimena,7462,Stefan Bellmont,18403
World Championship,25435,2025,Last 96,Wesley Plaisier,15759,Ryusei Azemoto,77403,3,2,Wesley Plaisier,15759,Ryusei Azemoto,77403
World Championship,25435,2025,Last 96,Kai Gotthardt,15284,Alan Soutar,2201,3,1,Kai Gotthardt,15284,Alan Soutar,2201
World Championship,25435,2025,Last 96,Madars Razma,9017,Christian Kist,8797,3,1,Madars Razma,9017,Christian Kist,8797
World Championship,25435,2025,Last 96,Connor Scutt,16676,Ben Robb,65862,3,0,Connor Scutt,16676,Ben Robb,65862
World Championship,25435,2025,Last 96,Luke Woodhouse,10621,Lourence Ilagan,2167,3,0,Luke Woodhouse,10621,Lourence Ilagan,2167
World Championship,25435,2025,Last 96,Ryan Meikle,18296,Fallon Sherrock,12670,3,2,Ryan Meikle,18296,Fallon Sherrock,12670
World Championship,25435,2025,Last 96,Ian White,2213,Sandro Eric Sosing,76422,1,0,Ian White,2213,Sandro Eric Sosing,76422
World Championship,25435,2025,Last 96,Ryan Joyce,16151,Darius Labanauskas,4333,3,1,Ryan Joyce,16151,Darius Labanauskas,4333
World Championship,25435,2025,Last 96,Matt Campbell,18872,Mensur Suljovic,1933,3,2,Matt Campbell,18872,Mensur Suljovic,1933
World Championship,25435,2025,Last 96,Scott Williams,74395,Niko Springer,74029,3,1,Scott Williams,74395,Niko Springer,74029
World Championship,25435,2025,Last 96,Ricardo Pietreczko,16776,Xiao chen Zong,26867,3,0,Ricardo Pietreczko,16776,Xiao chen Zong,26867
World Championship,25435,2025,Last 96,Leonard Gates,4935,Cameron Menzies,5202,3,1,Leonard Gates,4935,Cameron Menzies,5202
World Championship,25435,2025,Last 96,Martin Lukeman,17360,Nitin Kumar,4929,3,1,Martin Lukeman,17360,Nitin Kumar,4929
World Championship,25435,2025,Last 96,Kevin Doets,66008,Noa-Lynn van Leuven,75563,3,1,Kevin Doets,66008,Noa-Lynn van Leuven,75563
World Championship,25435,2025,Last 96,Alexis Toylo,12904,Richard Veenstra,16652,3,0,Alexis Toylo,12904,Richard Veenstra,16652
World Championship,25435,2025,Last 96,Alexander Merkx,13204,Stephen Burton,15499,3,0,Alexander Merkx,13204,Stephen Burton,15499
World Championship,25435,2025,Last 96,Rhys Griffin,13782,Karel Sedlacek,4885,3,0,Rhys Griffin,13782,Karel Sedlacek,4885
World Championship,25435,2025,Last 96,Mickey Mansell,4083,Tomoya Goto,71949,3,1,Mickey Mansell,4083,Tomoya Goto,71949
World Championship,25435,2025,Last 96,Florian Hempel,48918,Jeffrey de Zwaan,11969,3,1,Florian Hempel,48918,Jeffrey de Zwaan,11969
World Championship,25435,2025,Last 96,Keane Barry,25478,Kim Huybrechts,1633,3,1,Keane Barry,25478,Kim Huybrechts,1633
World Championship,25435,2025,Last 96,Wessel Nijman,27979,Cameron Carolissen,74971,3,2,Wessel Nijman,27979,Cameron Carolissen,74971
World Championship,25435,2025,Last 96,James Hurrell,10595,Jim Long,4957,3,0,James Hurrell,10595,Jim Long,4957
World Championship,25435,2025,Last 96,Lok Yin Lee,74511,Chris Landman,21704,3,1,Lok Yin Lee,74511,Chris Landman,21704
World Championship,25435,2025,Last 96,Jeffrey de Graaf,10396,Rashad Sweeting,77405,3,1,Jeffrey de Graaf,10396,Rashad Sweeting,77405
World Championship,25435,2025,Last 96,Paolo Nebrida,17914,Jim Williams,4588,3,2,Paolo Nebrida,17914,Jim Williams,4588
World Championship,25435,2025,Last 96,Ricky Evans,1734,Gordon Mathers,12573,3,2,Ricky Evans,1734,Gordon Mathers,12573
World Championship,25435,2025,Last 96,Robert Owen,16502,Niels Zonneveld,66017,3,1,Robert Owen,16502,Niels Zonneveld,66017
World Championship,25435,2025,Last 96,Dylan Slevin,75107,William O'Connor,8798,3,1,Dylan Slevin,75107,William O'Connor,8798
World Championship,25435,2025,Last 96,Callan Rydz,25544,Romeo Grbavac,74586,3,0,Callan Rydz,25544,Romeo Grbavac,74586
World Championship,25435,2025,Last 64,Luke Humphries,11822,Thibault Tricole,10399,3,0,Luke Humphries,11822,Thibault Tricole,10399
World Championship,25435,2025,Last 64,Nick Kenny,10013,Raymond van Barneveld,2,3,1,Nick Kenny,10013,Raymond van Barneveld,2
World Championship,25435,2025,Last 64,Jermaine Wattimena,7462,James Wade,11,3,0,Jermaine Wattimena,7462,James Wade,11
World Championship,25435,2025,Last 64,Peter Wright,1463,Wesley Plaisier,15759,3,1,Peter Wright,1463,Wesley Plaisier,15759
World Championship,25435,2025,Last 64,Stephen Bunting,192,Kai Gotthardt,15284,3,1,Stephen Bunting,192,Kai Gotthardt,15284
World Championship,25435,2025,Last 64,Madars Razma,9017,Dirk van Duijvenbode,10070,3,1,Madars Razma,9017,Dirk van Duijvenbode,10070
World Championship,25435,2025,Last 64,Damon Heta,4842,Connor Scutt,16676,3,1,Damon Heta,4842,Connor Scutt,16676
World Championship,25435,2025,Last 64,Luke Woodhouse,10621,Mike de Decker,16530,3,1,Luke Woodhouse,10621,Mike de Decker,16530
World Championship,25435,2025,Last 64,Luke Littler,73951,Ryan Meikle,18296,3,1,Luke Littler,73951,Ryan Meikle,18296
World Championship,25435,2025,Last 64,Ian White,2213,Ritchie Edhouse,17485,3,1,Ian White,2213,Ritchie Edhouse,17485
World Championship,25435,2025,Last 64,Ryan Joyce,16151,Danny Noppert,13202,3,1,Ryan Joyce,16151,Danny Noppert,13202
World Championship,25435,2025,Last 64,Ryan Searle,10584,Matt Campbell,18872,3,0,Ryan Searle,10584,Matt Campbell,18872
World Championship,25435,2025,Last 64,Scott Williams,74395,Rob Cross,18934,3,1,Scott Williams,74395,Rob Cross,18934
World Championship,25435,2025,Last 64,Ricardo Pietreczko,16776,Gian van Veen,21491,3,1,Ricardo Pietreczko,16776,Gian van Veen,21491
World Championship,25435,2025,Last 64,Nathan Aspinall,13326,Leonard Gates,4935,3,1,Nathan Aspinall,13326,Leonard Gates,4935
World Championship,25435,2025,Last 64,Andrew Gilding,10168,Martin Lukeman,17360,3,1,Andrew Gilding,10168,Martin Lukeman,17360
World Championship,25435,2025,Last 64,Kevin Doets,66008,Michael Smith,6025,3,2,Kevin Doets,66008,Michael Smith,6025
World Championship,25435,2025,Last 64,Krzysztof Ratajski,5422,Alexis Toylo,12904,3,1,Krzysztof Ratajski,5422,Alexis Toylo,12904
World Championship,25435,2025,Last 64,Chris Dobey,16076,Alexander Merkx,13204,3,1,Chris Dobey,16076,Alexander Merkx,13204
World Championship,25435,2025,Last 64,Josh Rock,74975,Rhys Griffin,13782,3,0,Josh Rock,74975,Rhys Griffin,13782
World Championship,25435,2025,Last 64,Jonny Clayton,6861,Mickey Mansell,4083,3,2,Jonny Clayton,6861,Mickey Mansell,4083
World Championship,25435,2025,Last 64,Daryl Gurney,2479,Florian Hempel,48918,3,2,Daryl Gurney,2479,Florian Hempel,48918
World Championship,25435,2025,Last 64,Gerwyn Price,16492,Keane Barry,25478,3,0,Gerwyn Price,16492,Keane Barry,25478
World Championship,25435,2025,Last 64,Joe Cullen,6487,Wessel Nijman,27979,3,0,Joe Cullen,6487,Wessel Nijman,27979
World Championship,25435,2025,Last 64,Michael van Gerwen,1395,James Hurrell,10595,3,0,Michael van Gerwen,1395,James Hurrell,10595
World Championship,25435,2025,Last 64,Brendan Dolan,1607,Lok Yin Lee,74511,3,0,Brendan Dolan,1607,Lok Yin Lee,74511
World Championship,25435,2025,Last 64,Jeffrey de Graaf,10396,Gary Anderson,181,3,0,Jeffrey de Graaf,10396,Gary Anderson,181
World Championship,25435,2025,Last 64,Paolo Nebrida,17914,Ross Smith,1596,3,0,Paolo Nebrida,17914,Ross Smith,1596
World Championship,25435,2025,Last 64,Ricky Evans,1734,Dave Chisnall,4101,3,2,Ricky Evans,1734,Dave Chisnall,4101
World Championship,25435,2025,Last 64,Robert Owen,16502,Gabriel Clemens,3097,3,1,Robert Owen,16502,Gabriel Clemens,3097
World Championship,25435,2025,Last 64,Dimitri van den Bergh,11656,Dylan Slevin,75107,3,0,Dimitri van den Bergh,11656,Dylan Slevin,75107
World Championship,25435,2025,Last 64,Callan Rydz,25544,Martin Schindler,16749,3,0,Callan Rydz,25544,Martin Schindler,16749
World Championship,25435,2025,Last 32,Luke Humphries,11822,Nick Kenny,10013,4,0,Luke Humphries,11822,Nick Kenny,10013
World Championship,25435,2025,Last 32,Peter Wright,1463,Jermaine Wattimena,7462,4,2,Peter Wright,1463,Jermaine Wattimena,7462
World Championship,25435,2025,Last 32,Stephen Bunting,192,Madars Razma,9017,4,1,Stephen Bunting,192,Madars Razma,9017
World Championship,25435,2025,Last 32,Luke Woodhouse,10621,Damon Heta,4842,4,3,Luke Woodhouse,10621,Damon Heta,4842
World Championship,25435,2025,Last 32,Luke Littler,73951,Ian White,2213,4,1,Luke Littler,73951,Ian White,2213
World Championship,25435,2025,Last 32,Ryan Joyce,16151,Ryan Searle,10584,4,3,Ryan Joyce,16151,Ryan Searle,10584
World Championship,25435,2025,Last 32,Ricardo Pietreczko,16776,Scott Williams,74395,4,1,Ricardo Pietreczko,16776,Scott Williams,74395
World Championship,25435,2025,Last 32,Nathan Aspinall,13326,Andrew Gilding,10168,4,0,Nathan Aspinall,13326,Andrew Gilding,10168
World Championship,25435,2025,Last 32,Kevin Doets,66008,Krzysztof Ratajski,5422,4,3,Kevin Doets,66008,Krzysztof Ratajski,5422
World Championship,25435,2025,Last 32,Chris Dobey,16076,Josh Rock,74975,4,2,Chris Dobey,16076,Josh Rock,74975
World Championship,25435,2025,Last 32,Jonny Clayton,6861,Daryl Gurney,2479,4,3,Jonny Clayton,6861,Daryl Gurney,2479
World Championship,25435,2025,Last 32,Gerwyn Price,16492,Joe Cullen,6487,4,3,Gerwyn Price,16492,Joe Cullen,6487
World Championship,25435,2025,Last 32,Michael van Gerwen,1395,Brendan Dolan,1607,4,2,Michael van Gerwen,1395,Brendan Dolan,1607
World Championship,25435,2025,Last 32,Jeffrey de Graaf,10396,Paolo Nebrida,17914,4,1,Jeffrey de Graaf,10396,Paolo Nebrida,17914
World Championship,25435,2025,Last 32,Robert Owen,16502,Ricky Evans,1734,4,2,Robert Owen,16502,Ricky Evans,1734
World Championship,25435,2025,Last 32,Callan Rydz,25544,Dimitri van den Bergh,11656,4,0,Callan Rydz,25544,Dimitri van den Bergh,11656
World Championship,25435,2025,Last 16,Peter Wright,1463,Luke Humphries,11822,4,1,Peter Wright,1463,Luke Humphries,11822
World Championship,25435,2025,Last 16,Stephen Bunting,192,Luke Woodhouse,10621,4,0,Stephen Bunting,192,Luke Woodhouse,10621
World Championship,25435,2025,Last 16,Luke Littler,73951,Ryan Joyce,16151,4,3,Luke Littler,73951,Ryan Joyce,16151
World Championship,25435,2025,Last 16,Nathan Aspinall,13326,Ricardo Pietreczko,16776,4,0,Nathan Aspinall,13326,Ricardo Pietreczko,16776
World Championship,25435,2025,Last 16,Chris Dobey,16076,Kevin Doets,66008,4,3,Chris Dobey,16076,Kevin Doets,66008
World Championship,25435,2025,Last 16,Gerwyn Price,16492,Jonny Clayton,6861,4,2,Gerwyn Price,16492,Jonny Clayton,6861
World Championship,25435,2025,Last 16,Michael van Gerwen,1395,Jeffrey de Graaf,10396,4,2,Michael van Gerwen,1395,Jeffrey de Graaf,10396
World Championship,25435,2025,Last 16,Callan Rydz,25544,Robert Owen,16502,4,3,Callan Rydz,25544,Robert Owen,16502
World Championship,25435,2025,Quarter Final,Stephen Bunting,192,Peter Wright,1463,5,2,Stephen Bunting,192,Peter Wright,1463
World Championship,25435,2025,Quarter Final,Luke Littler,73951,Nathan Aspinall,13326,5,2,Luke Littler,73951,Nathan Aspinall,13326
World Championship,25435,2025,Quarter Final,Chris Dobey,16076,Gerwyn Price,16492,5,3,Chris Dobey,16076,Gerwyn Price,16492
World Championship,25435,2025,Quarter Final,Michael van Gerwen,1395,Callan Rydz,25544,5,3,Michael van Gerwen,1395,Callan Rydz,25544
World Championship,25435,2025,Semi Final,Luke Littler,73951,Stephen Bunting,192,6,1,Luke Littler,73951,Stephen Bunting,192
World Championship,25435,2025,Semi Final,Michael van Gerwen,1395,Chris Dobey,16076,6,1,Michael van Gerwen,1395,Chris Dobey,16076
World Championship,25435,2025,Final,Luke Littler,73951,Michael van Gerwen,1395,7,3,Luke Littler,73951,Michael van Gerwen,1395
World Championship,25678,2026,Last 128,Luke Littler,73951,Darius Labanauskas,4333,3,0,Luke Littler,73951,Darius Labanauskas,4333
World Championship,25678,2026,Last 128,David Davies,78233,Mario Vandenbogaerde,1683,3,0,David Davies,78233,Mario Vandenbogaerde,1683
World Championship,25678,2026,Last 128,Joe Cullen,6487,Bradley Brooks,18325,3,0,Joe Cullen,6487,Bradley Brooks,18325
World Championship,25678,2026,Last 128,Mensur Suljovic,1933,David Cameron,4960,3,1,Mensur Suljovic,1933,David Cameron,4960
World Championship,25678,2026,Last 128,Damon Heta,4842,Steve Lennon,12746,3,1,Damon Heta,4842,Steve Lennon,12746
World Championship,25678,2026,Last 128,Stefan Bellmont,18403,Raymond van Barneveld,2,3,0,Stefan Bellmont,18403,Raymond van Barneveld,2
World Championship,25678,2026,Last 128,Rob Cross,18934,Cor Dekker,16051,3,0,Rob Cross,18934,Cor Dekker,16051
World Championship,25678,2026,Last 128,Ian White,2213,Mervyn King,168,3,2,Ian White,2213,Mervyn King,168
World Championship,25678,2026,Last 128,Chris Dobey,16076,Xiao chen Zong,26867,3,1,Chris Dobey,16076,Xiao chen Zong,26867
World Championship,25678,2026,Last 128,Andrew Gilding,10168,Cam Crabtree,75148,3,1,Andrew Gilding,10168,Cam Crabtree,75148
World Championship,25678,2026,Last 128,Luke Woodhouse,10621,Boris Krcmar,6571,3,1,Luke Woodhouse,10621,Boris Krcmar,6571
World Championship,25678,2026,Last 128,Max Hopp,12671,Martin Lukeman,17360,3,1,Max Hopp,12671,Martin Lukeman,17360
World Championship,25678,2026,Last 128,Gerwyn Price,16492,Adam Gawlas,74032,3,0,Gerwyn Price,16492,Adam Gawlas,74032
World Championship,25678,2026,Last 128,Wesley Plaisier,15759,Lukas Wenig,23137,3,1,Wesley Plaisier,15759,Lukas Wenig,23137
World Championship,25678,2026,Last 128,Ryan Joyce,16151,Owen Bates,75206,3,0,Ryan Joyce,16151,Owen Bates,75206
World Championship,25678,2026,Last 128,Krzysztof Ratajski,5422,Alexis Toylo,12904,3,0,Krzysztof Ratajski,5422,Alexis Toylo,12904
World Championship,25678,2026,Last 128,Stephen Bunting,192,Sebastian Białecki,55168,3,2,Stephen Bunting,192,Sebastian Białecki,55168
World Championship,25678,2026,Last 128,Nitin Kumar,4929,Richard Veenstra,16652,3,2,Nitin Kumar,4929,Richard Veenstra,16652
World Championship,25678,2026,Last 128,Dirk van Duijvenbode,10070,Andy Baetens,10204,3,2,Dirk van Duijvenbode,10070,Andy Baetens,10204
World Championship,25678,2026,Last 128,James Hurrell,10595,Stowe Buntz,3726,3,1,James Hurrell,10595,Stowe Buntz,3726
World Championship,25678,2026,Last 128,Martin Schindler,16749,Stephen Burton,15499,3,1,Martin Schindler,16749,Stephen Burton,15499
World Championship,25678,2026,Last 128,Keane Barry,25478,Tim Pusey,20224,3,0,Keane Barry,25478,Tim Pusey,20224
World Championship,25678,2026,Last 128,Ryan Searle,10584,Chris Landman,21704,3,0,Ryan Searle,10584,Chris Landman,21704
World Championship,25678,2026,Last 128,Brendan Dolan,1607,Tavis Dudeney,75126,3,1,Brendan Dolan,1607,Tavis Dudeney,75126
World Championship,25678,2026,Last 128,Jonny Clayton,6861,Adam Lipscombe,15093,3,1,Jonny Clayton,6861,Adam Lipscombe,15093
World Championship,25678,2026,Last 128,Dom Taylor,74009,Oskar Lukasiak,2691,3,0,Dom Taylor,74009,Oskar Lukasiak,2691
World Championship,25678,2026,Last 128,Michael Smith,6025,Lisa Ashton,5619,3,0,Michael Smith,6025,Lisa Ashton,5619
World Championship,25678,2026,Last 128,Niels Zonneveld,66017,Haupai Puha,24349,3,0,Niels Zonneveld,66017,Haupai Puha,24349
World Championship,25678,2026,Last 128,Andreas Harrysson,15509,Ross Smith,1596,3,2,Andreas Harrysson,15509,Ross Smith,1596
World Championship,25678,2026,Last 128,Motomu Sakai,78230,Thibault Tricole,10399,3,0,Motomu Sakai,78230,Thibault Tricole,10399
World Championship,25678,2026,Last 128,Dave Chisnall,4101,Fallon Sherrock,12670,3,0,Dave Chisnall,4101,Fallon Sherrock,12670
World Championship,25678,2026,Last 128,Ricardo Pietreczko,16776,Jose de Sousa,12892,3,1,Ricardo Pietreczko,16776,Jose de Sousa,12892
World Championship,25678,2026,Last 128,Luke Humphries,11822,Ted Evetts,16705,3,1,Luke Humphries,11822,Ted Evetts,16705
World Championship,25678,2026,Last 128,Paul Lim,1566,Jeffrey de Graaf,10396,3,1,Paul Lim,1566,Jeffrey de Graaf,10396
World Championship,25678,2026,Last 128,Wessel Nijman,27979,Karel Sedlacek,4885,3,0,Wessel Nijman,27979,Karel Sedlacek,4885
World Championship,25678,2026,Last 128,Gabriel Clemens,3097,Alex Spellman,11140,3,0,Gabriel Clemens,3097,Alex Spellman,11140
World Championship,25678,2026,Last 128,Nathan Aspinall,13326,Lourence Ilagan,2167,3,1,Nathan Aspinall,13326,Lourence Ilagan,2167
World Championship,25678,2026,Last 128,Leonard Gates,4935,Mickey Mansell,4083,3,2,Leonard Gates,4935,Mickey Mansell,4083
World Championship,25678,2026,Last 128,David Munyua,78231,Mike de Decker,16530,3,2,David Munyua,78231,Mike de Decker,16530
World Championship,25678,2026,Last 128,Kevin Doets,66008,Matthew Dennant,12544,3,1,Kevin Doets,66008,Matthew Dennant,12544
World Championship,25678,2026,Last 128,James Wade,11,Ryusei Azemoto,77403,3,0,James Wade,11,Ryusei Azemoto,77403
World Championship,25678,2026,Last 128,Ricky Evans,1734,Man Lok Leung,60372,3,0,Ricky Evans,1734,Man Lok Leung,60372
World Championship,25678,2026,Last 128,Charlie Manby,74218,Cameron Menzies,5202,3,2,Charlie Manby,74218,Cameron Menzies,5202
World Championship,25678,2026,Last 128,Adam Sevada,10053,Matt Campbell,18872,3,1,Adam Sevada,10053,Matt Campbell,18872
World Championship,25678,2026,Last 128,Gian van Veen,21491,Cristo Reyes,17734,3,1,Gian van Veen,21491,Cristo Reyes,17734
World Championship,25678,2026,Last 128,Alan Soutar,2201,Teemu Harju,10543,3,2,Alan Soutar,2201,Teemu Harju,10543
World Championship,25678,2026,Last 128,Darren Beveridge,12608,Dimitri van den Bergh,11656,3,0,Darren Beveridge,12608,Dimitri van den Bergh,11656
World Championship,25678,2026,Last 128,Madars Razma,9017,Jamai van den Herik,74370,3,1,Madars Razma,9017,Jamai van den Herik,74370
World Championship,25678,2026,Last 128,Michael van Gerwen,1395,Mitsuhiko Tatsunami,76086,3,1,Michael van Gerwen,1395,Mitsuhiko Tatsunami,76086
World Championship,25678,2026,Last 128,William O'Connor,8798,Krzysztof Kciuk,8447,3,0,William O'Connor,8798,Krzysztof Kciuk,8447
World Championship,25678,2026,Last 128,Peter Wright,1463,Noa-Lynn van Leuven,75563,3,0,Peter Wright,1463,Noa-Lynn van Leuven,75563
World Championship,25678,2026,Last 128,Arno Merk,9487,Kim Huybrechts,1633,3,1,Arno Merk,9487,Kim Huybrechts,1633
World Championship,25678,2026,Last 128,Gary Anderson,181,Adam Hunt,10575,3,2,Gary Anderson,181,Adam Hunt,10575
World Championship,25678,2026,Last 128,Connor Scutt,16676,Simon Whitlock,1500,3,2,Connor Scutt,16676,Simon Whitlock,1500
World Championship,25678,2026,Last 128,Jermaine Wattimena,7462,Dominik Gruellich,67269,3,2,Jermaine Wattimena,7462,Dominik Gruellich,67269
World Championship,25678,2026,Last 128,Scott Williams,74395,Paolo Nebrida,17914,3,0,Scott Williams,74395,Paolo Nebrida,17914
World Championship,25678,2026,Last 128,Danny Noppert,13202,Jurjen van der Velde,74010,3,1,Danny Noppert,13202,Jurjen van der Velde,74010
World Championship,25678,2026,Last 128,Justin Hood,71914,Nick Kenny,10013,3,0,Justin Hood,71914,Nick Kenny,10013
World Championship,25678,2026,Last 128,Johnny Tata,76020,Ritchie Edhouse,17485,3,0,Johnny Tata,76020,Ritchie Edhouse,17485
World Championship,25678,2026,Last 128,Ryan Meikle,18296,Jesus Salate,71952,3,0,Ryan Meikle,18296,Jesus Salate,71952
World Championship,25678,2026,Last 128,Josh Rock,74975,Gemma Hayter,18471,3,1,Josh Rock,74975,Gemma Hayter,18471
World Championship,25678,2026,Last 128,Joseph Comito,2147,Niko Springer,74029,3,1,Joseph Comito,2147,Niko Springer,74029
World Championship,25678,2026,Last 128,Daryl Gurney,2479,Beau Greaves,17723,3,2,Daryl Gurney,2479,Beau Greaves,17723
World Championship,25678,2026,Last 128,Callan Rydz,25544,Patrik Kovacs,75031,3,0,Callan Rydz,25544,Patrik Kovacs,75031
World Championship,25678,2026,Last 64,Luke Littler,73951,David Davies,78233,3,0,Luke Littler,73951,David Davies,78233
World Championship,25678,2026,Last 64,Mensur Suljovic,1933,Joe Cullen,6487,3,1,Mensur Suljovic,1933,Joe Cullen,6487
World Championship,25678,2026,Last 64,Damon Heta,4842,Stefan Bellmont,18403,3,2,Damon Heta,4842,Stefan Bellmont,18403
World Championship,25678,2026,Last 64,Rob Cross,18934,Ian White,2213,3,1,Rob Cross,18934,Ian White,2213
World Championship,25678,2026,Last 64,Andrew Gilding,10168,Chris Dobey,16076,3,1,Andrew Gilding,10168,Chris Dobey,16076
World Championship,25678,2026,Last 64,Luke Woodhouse,10621,Max Hopp,12671,3,0,Luke Woodhouse,10621,Max Hopp,12671
World Championship,25678,2026,Last 64,Wesley Plaisier,15759,Gerwyn Price,16492,3,0,Wesley Plaisier,15759,Gerwyn Price,16492
World Championship,25678,2026,Last 64,Krzysztof Ratajski,5422,Ryan Joyce,16151,3,1,Krzysztof Ratajski,5422,Ryan Joyce,16151
World Championship,25678,2026,Last 64,Stephen Bunting,192,Nitin Kumar,4929,3,0,Stephen Bunting,192,Nitin Kumar,4929
World Championship,25678,2026,Last 64,James Hurrell,10595,Dirk van Duijvenbode,10070,3,2,James Hurrell,10595,Dirk van Duijvenbode,10070
World Championship,25678,2026,Last 64,Martin Schindler,16749,Keane Barry,25478,3,0,Martin Schindler,16749,Keane Barry,25478
World Championship,25678,2026,Last 64,Ryan Searle,10584,Brendan Dolan,1607,3,0,Ryan Searle,10584,Brendan Dolan,1607
World Championship,25678,2026,Last 64,Jonny Clayton,6861,Dom Taylor,74009,1,0,Jonny Clayton,6861,Dom Taylor,74009
World Championship,25678,2026,Last 64,Niels Zonneveld,66017,Michael Smith,6025,3,1,Niels Zonneveld,66017,Michael Smith,6025
World Championship,25678,2026,Last 64,Andreas Harrysson,15509,Motomu Sakai,78230,3,0,Andreas Harrysson,15509,Motomu Sakai,78230
World Championship,25678,2026,Last 64,Ricardo Pietreczko,16776,Dave Chisnall,4101,3,2,Ricardo Pietreczko,16776,Dave Chisnall,4101
World Championship,25678,2026,Last 64,Luke Humphries,11822,Paul Lim,1566,3,0,Luke Humphries,11822,Paul Lim,1566
World Championship,25678,2026,Last 64,Gabriel Clemens,3097,Wessel Nijman,27979,3,0,Gabriel Clemens,3097,Wessel Nijman,27979
World Championship,25678,2026,Last 64,Nathan Aspinall,13326,Leonard Gates,4935,3,0,Nathan Aspinall,13326,Leonard Gates,4935
World Championship,25678,2026,Last 64,Kevin Doets,66008,David Munyua,78231,3,0,Kevin Doets,66008,David Munyua,78231
World Championship,25678,2026,Last 64,Ricky Evans,1734,James Wade,11,3,2,Ricky Evans,1734,James Wade,11
World Championship,25678,2026,Last 64,Charlie Manby,74218,Adam Sevada,10053,3,0,Charlie Manby,74218,Adam Sevada,10053
World Championship,25678,2026,Last 64,Gian van Veen,21491,Alan Soutar,2201,3,1,Gian van Veen,21491,Alan Soutar,2201
World Championship,25678,2026,Last 64,Madars Razma,9017,Darren Beveridge,12608,3,1,Madars Razma,9017,Darren Beveridge,12608
World Championship,25678,2026,Last 64,Michael van Gerwen,1395,William O'Connor,8798,3,1,Michael van Gerwen,1395,William O'Connor,8798
World Championship,25678,2026,Last 64,Arno Merk,9487,Peter Wright,1463,3,0,Arno Merk,9487,Peter Wright,1463
World Championship,25678,2026,Last 64,Gary Anderson,181,Connor Scutt,16676,3,1,Gary Anderson,181,Connor Scutt,16676
World Championship,25678,2026,Last 64,Jermaine Wattimena,7462,Scott Williams,74395,3,2,Jermaine Wattimena,7462,Scott Williams,74395
World Championship,25678,2026,Last 64,Justin Hood,71914,Danny Noppert,13202,3,2,Justin Hood,71914,Danny Noppert,13202
World Championship,25678,2026,Last 64,Ryan Meikle,18296,Johnny Tata,76020,3,2,Ryan Meikle,18296,Johnny Tata,76020
World Championship,25678,2026,Last 64,Josh Rock,74975,Joseph Comito,2147,3,0,Josh Rock,74975,Joseph Comito,2147
World Championship,25678,2026,Last 64,Callan Rydz,25544,Daryl Gurney,2479,3,2,Callan Rydz,25544,Daryl Gurney,2479
World Championship,25678,2026,Last 32,Luke Littler,73951,Mensur Suljovic,1933,4,0,Luke Littler,73951,Mensur Suljovic,1933
World Championship,25678,2026,Last 32,Rob Cross,18934,Damon Heta,4842,4,0,Rob Cross,18934,Damon Heta,4842
World Championship,25678,2026,Last 32,Luke Woodhouse,10621,Andrew Gilding,10168,4,1,Luke Woodhouse,10621,Andrew Gilding,10168
World Championship,25678,2026,Last 32,Krzysztof Ratajski,5422,Wesley Plaisier,15759,4,3,Krzysztof Ratajski,5422,Wesley Plaisier,15759
World Championship,25678,2026,Last 32,James Hurrell,10595,Stephen Bunting,192,4,3,James Hurrell,10595,Stephen Bunting,192
World Championship,25678,2026,Last 32,Ryan Searle,10584,Martin Schindler,16749,4,0,Ryan Searle,10584,Martin Schindler,16749
World Championship,25678,2026,Last 32,Jonny Clayton,6861,Niels Zonneveld,66017,4,3,Jonny Clayton,6861,Niels Zonneveld,66017
World Championship,25678,2026,Last 32,Andreas Harrysson,15509,Ricardo Pietreczko,16776,4,2,Andreas Harrysson,15509,Ricardo Pietreczko,16776
World Championship,25678,2026,Last 32,Luke Humphries,11822,Gabriel Clemens,3097,4,2,Luke Humphries,11822,Gabriel Clemens,3097
World Championship,25678,2026,Last 32,Kevin Doets,66008,Nathan Aspinall,13326,4,3,Kevin Doets,66008,Nathan Aspinall,13326
World Championship,25678,2026,Last 32,Charlie Manby,74218,Ricky Evans,1734,4,2,Charlie Manby,74218,Ricky Evans,1734
World Championship,25678,2026,Last 32,Gian van Veen,21491,Madars Razma,9017,4,1,Gian van Veen,21491,Madars Razma,9017
World Championship,25678,2026,Last 32,Michael van Gerwen,1395,Arno Merk,9487,4,1,Michael van Gerwen,1395,Arno Merk,9487
World Championship,25678,2026,Last 32,Gary Anderson,181,Jermaine Wattimena,7462,4,3,Gary Anderson,181,Jermaine Wattimena,7462
World Championship,25678,2026,Last 32,Justin Hood,71914,Ryan Meikle,18296,4,1,Justin Hood,71914,Ryan Meikle,18296
World Championship,25678,2026,Last 32,Josh Rock,74975,Callan Rydz,25544,4,1,Josh Rock,74975,Callan Rydz,25544
World Championship,25678,2026,Last 16,Luke Littler,73951,Rob Cross,18934,4,2,Luke Littler,73951,Rob Cross,18934
World Championship,25678,2026,Last 16,Krzysztof Ratajski,5422,Luke Woodhouse,10621,4,2,Krzysztof Ratajski,5422,Luke Woodhouse,10621
World Championship,25678,2026,Last 16,Ryan Searle,10584,James Hurrell,10595,4,0,Ryan Searle,10584,James Hurrell,10595
World Championship,25678,2026,Last 16,Jonny Clayton,6861,Andreas Harrysson,15509,4,2,Jonny Clayton,6861,Andreas Harrysson,15509
World Championship,25678,2026,Last 16,Luke Humphries,11822,Kevin Doets,66008,4,1,Luke Humphries,11822,Kevin Doets,66008
World Championship,25678,2026,Last 16,Gian van Veen,21491,Charlie Manby,74218,4,1,Gian van Veen,21491,Charlie Manby,74218
World Championship,25678,2026,Last 16,Gary Anderson,181,Michael van Gerwen,1395,4,1,Gary Anderson,181,Michael van Gerwen,1395
World Championship,25678,2026,Last 16,Justin Hood,71914,Josh Rock,74975,4,0,Justin Hood,71914,Josh Rock,74975
World Championship,25678,2026,Quarter Final,Luke Littler,73951,Krzysztof Ratajski,5422,5,0,Luke Littler,73951,Krzysztof Ratajski,5422
World Championship,25678,2026,Quarter Final,Ryan Searle,10584,Jonny Clayton,6861,5,2,Ryan Searle,10584,Jonny Clayton,6861
World Championship,25678,2026,Quarter Final,Gian van Veen,21491,Luke Humphries,11822,5,1,Gian van Veen,21491,Luke Humphries,11822
World Championship,25678,2026,Quarter Final,Gary Anderson,181,Justin Hood,71914,5,2,Gary Anderson,181,Justin Hood,71914
World Championship,25678,2026,Semi Final,Luke Littler,73951,Ryan Searle,10584,6,1,Luke Littler,73951,Ryan Searle,10584
World Championship,25678,2026,Semi Final,Gian van Veen,21491,Gary Anderson,181,6,3,Gian van Veen,21491,Gary Anderson,181
World Championship,25678,2026,Final,Luke Littler,73951,Gian van Veen,21491,7,1,Luke Littler,73951,Gian van Veen,21491
